'4255 Arbutus St Vancouver BC V6J 4R1 Canada','Arbutus Shopping Centre',49.2487758,-123.1550158
'650 W 41st Ave Vancouver BC V5Z 2M9 Canada','Oakridge Centre',49.2320488,-123.1186817
'701 W Georgia St Vancouver BC V7Y 1G5 Canada','CF Pacific Centre',49.2843789,-123.1163501
'350 W Georgia St Vancouver BC V6B 6B1 Canada','Vancouver Public Library Central Library',49.279794,-123.11567
'555 W Hastings St Vancouver BC V6B 4N5 Canada','BC Liquor Stores',49.284902,-123.111629
'450 Granville St Vancouver BC V6C 1V4 Canada','Trees Organic Coffee',49.2848859,-123.1143409
'International Village Mall 88 W Pender St #1131 Vancouver BC V6B 6N9 Canada','Made In Print',49.2804809,-123.1066537
'888 Beatty St Vancouver BC V6B 1C2 Canada','Made in Print (Vancouver Beatty)',49.2767136,-123.1150839
'1155 Robson St Vancouver BC V6E 1B5 Canada','Robson Street Business Association',49.2855657,-123.1260072
'88 W Pender St Vancouver BC V6B 6N8 Canada','International Village Mall',49.2802661,-123.1067135
'701 W Georgia St Vancouver BC V7Y 1G5 Canada','CF Pacific Centre',49.2843789,-123.1163501
'1108 Pacific Blvd Vancouver BC V6Z 2X7 Canada','BC Liquor Stores',49.2742467,-123.1196953
'1348 Burrard St Vancouver BC V6Z 2B7 Canada','Minuteman Press Downtown Vancouver',49.277086,-123.131439
'1055 W Georgia St #220 Vancouver BC V6E 3P3 Canada','Staples',49.2853911,-123.12155
'700 West Georgia #Z016 Vancouver BC V7Y 1K8 Canada','Virgin Mobile',49.2832713,-123.1179301
'318 Homer Street Suite 210 Vancouver BC V6B 1E8 Canada','Gastown Business Improvement Society',49.2837831,-123.1100571
'1087 Robson St Vancouver BC V6E 1A9 Canada','Virgin Mobile',49.2843661,-123.1242801
'36 W Cordova St Vancouver BC V6B 1C9 Canada','Army & Navy',49.2824566,-123.1051884
'549 Howe St Vancouver BC V6C 2C2 Canada','ELS Language Centers',49.2848837,-123.1167301
'768 Bute St Vancouver BC V6E 4H6 Canada','BC Liquor Stores',49.286295,-123.1257327
'1155 Bute St Vancouver BC V6E 1Z7 Canada','BC Liquor Stores',49.2821229,-123.1331234
'800 Robson St Vancouver BC V6Z 3B7 Canada','UBC Sauder School of Business Executive Education',49.2828518,-123.1206884
'898 W Pender St Vancouver BC V6C 1J8 Canada','Vancity Credit Union Br. 10 -Downtown community branch',49.2856351,-123.1168738
'650 W 41st Ave Vancouver BC V5Z 2M9 Canada','Oakridge Centre',49.2320488,-123.1186817
'555 12th Avenue W Vancouver BC V5Z 3X7 Canada','City Square',49.2609344,-123.1161108
'701 W Georgia St Vancouver BC V7Y 1G5 Canada','CF Pacific Centre',49.2843789,-123.1163501
'4151 Hazelbridge Way Richmond BC V6X 4J7 Canada','Aberdeen Centre',49.1839775,-123.1335519
'505 Burrard St Vancouver BC V7X 1M9 Canada','Bentall Centre',49.286595,-123.118444
'88 W Pender St Vancouver BC V6B 6N8 Canada','International Village Mall',49.2802661,-123.1067135
'6551 No 3 Rd Richmond BC V6Y 2B6 Canada','CF Richmond Centre',49.1669379,-123.1384325
'935 Marine Dr North Vancouver BC V7P 1S3 Canada','Capilano Mall',49.3217529,-123.1001628
'4500 Kingsway Burnaby BC V5H 2B1 Canada','The Crystal Mall',49.2291936,-123.0046606
'4700 Kingsway #604 Burnaby BC V5H 4N2 Canada','Metropolis at Metrotown',49.2261501,-122.9991133
'340-757 W Hastings St Vancouver BC V6C 1A1 Canada','Sinclair Centre',49.2863743,-123.1140779
'3453 Dunbar St Vancouver BC V6S 2C3 Canada','BC Liquor Stores',49.2562526,-123.1854882
'4355 Dunbar St Vancouver BC V6S 2G2 Canada','Dunbar Produce',49.2474354,-123.1853655
'5300 No 3 Rd Richmond BC V6X 2X9 Canada','Lansdowne Centre',49.175756,-123.1324697
'4567 Lougheed Hwy #260 Burnaby BC V5C 3Z6 Canada','Brentwood Town Centre',49.2684831,-123.0007943
'3870 Jacombs Rd Richmond BC V6V 1Y6 Canada','sleep Country Canada',49.1857306,-123.0795401
'114 - 370 East Broadway Street Vancouver BC V5T 4G5 Canada','Kingsgate Mall',49.2622958,-123.0972251
'3322 Dunbar St Vancouver BC V6S 2C1 Canada','Blight's Home Hardware',49.2571199,-123.184964
'4470 Dunbar St Vancouver BC V6S 2G5 Canada','Mac's',49.2465368,-123.1847404
'5630 Dunbar St Vancouver BC V6N 1W7 Canada','All Nations Stamp and Coin',49.2353561,-123.1851479
'555 12th Avenue W Vancouver BC V5Z 3X7 Canada','City Square',49.2609344,-123.1161108
'1385 W 8th Ave Vancouver BC V6H 3V9 Canada','Fairview Centre',49.2646242,-123.1357499
'701 W Georgia St Vancouver BC V7Y 1G5 Canada','CF Pacific Centre',49.2843789,-123.1163501
'88 W Pender St Vancouver BC V6B 6N8 Canada','International Village Mall',49.2802661,-123.1067135
'505 Burrard St Vancouver BC V7X 1M9 Canada','Bentall Centre',49.286595,-123.118444
'550 W Broadway Vancouver BC V5Z 1E9 Canada','Neelu Bachra Centre',49.2630799,-123.1166976
'650 W 41st Ave Vancouver BC V5Z 2M9 Canada','Oakridge Centre',49.2320488,-123.1186817
'1030 Denman St #125A Vancouver BC V6G 2M6 Canada','Denman Place Mall',49.2887289,-123.1382003
'838 Hamilton St Vancouver BC V6B 6A2 Canada','Aviawest in Vancouver',49.27843,-123.1161315
'678 Dunsmuir St Vancouver BC V7Y 1K8 Canada','Hudson Mall',49.2831614,-123.116576
'321 Water St Vancouver BC V6B 1B8 Canada','Hudson House Trading Company',49.284637,-123.1092524
'935 Marine Dr North Vancouver BC V7P 1S3 Canada','Capilano Mall',49.3217529,-123.1001628
'Canada Pl Vancouver BC V6C 3G3 Canada','Burrard Landing',49.2893204,-123.1175351
'123 Carrie Cates Ct North Vancouver BC V7M 3K7 Canada','Lonsdale Quay Market',49.3107128,-123.0817305
'1199 Lynn Valley #129A North Vancouver BC V7J 3H2 Canada','Lynn Valley Centre',49.3344816,-123.0401548
'1641 COMMERCIAL DRQ Vancouver BC Canada','II Mercato',49.2697369,-123.0698537
'3057 Grandview Hwy Vancouver BC V5M 2E4 Canada','Big Box Outlet Store - Vancouver and Online Store',49.2590493,-123.039633
'88 W Pender St Vancouver BC V6B 6N8 Canada','International Village Mall',49.2802661,-123.1067135
'701 W Georgia St Vancouver BC V7Y 1G5 Canada','CF Pacific Centre',49.2843789,-123.1163501
'555 12th Avenue W Vancouver BC V5Z 3X7 Canada','City Square',49.2609344,-123.1161108
'935 Marine Dr North Vancouver BC V7P 1S3 Canada','Capilano Mall',49.3217529,-123.1001628
'650 W 41st Ave Vancouver BC V5Z 2M9 Canada','Oakridge Centre',49.2320488,-123.1186817
'4700 Kingsway #604 Burnaby BC V5H 4N2 Canada','Metropolis at Metrotown',49.2261501,-122.9991133
'4500 Kingsway Burnaby BC V5H 2B1 Canada','The Crystal Mall',49.2291936,-123.0046606
'2002 Park Royal S West Vancouver BC V7T 2W4 Canada','Park Royal',49.3248206,-123.1368195
'4567 Lougheed Hwy #260 Burnaby BC V5C 3Z6 Canada','Brentwood Town Centre',49.2684831,-123.0007943
'1520 Commercial Dr Vancouver BC V5L 3Y2 Canada','BC Liquor Stores',49.2710116,-123.0692662
'1615 E 1st Ave Vancouver BC V5N 1A8 Canada','Fitxpress Fitness Center',49.2698428,-123.0712301
'1820 E Hastings St Vancouver BC V5L 1T2 Canada','Value Village',49.2809372,-123.0674942
'2092 E Hastings St Vancouver BC V5L 1T9 Canada','7-Eleven',49.2808595,-123.0619654
'1684 Commercial Dr Vancouver BC V5L 3Y4 Canada','The DRIVE PHARMACY',49.269813,-123.0694611
'1343 Adanac St Vancouver BC V5L 2C4 Canada','Cosmos Auto Body & Collision Repair Shop Vancouver Bc',49.2777896,-123.0761456
'370 E Broadway #129 Near BC Liquor Stores Vancouver BC V5T 4G5 Canada','Fast Cell Repair (Kingsgate Mall)',49.262255,-123.097158
'2415 East 1st Avenue Vancouver BC V5M 1A2 Canada','7-Eleven',49.2698996,-123.0562455
'1310 Odlum Dr Vancouver BC V5L 3M3 Canada','Maiwa East',49.272935,-123.075749
'2800 E 1st Ave Vancouver BC Canada','1st Avenue Marketplace',49.2687595,-123.0463234
'4567 Lougheed Hwy #260 Burnaby BC V5C 3Z6 Canada','Brentwood Town Centre',49.2684831,-123.0007943
'88 W Pender St Vancouver BC V6B 6N8 Canada','International Village Mall',49.2802661,-123.1067135
'340-757 W Hastings St Vancouver BC V6C 1A1 Canada','Sinclair Centre',49.2863743,-123.1140779
'701 W Georgia St Vancouver BC V7Y 1G5 Canada','CF Pacific Centre',49.2843789,-123.1163501
'555 12th Avenue W Vancouver BC V5Z 3X7 Canada','City Square',49.2609344,-123.1161108
'505 Burrard St Vancouver BC V7X 1M9 Canada','Bentall Centre',49.286595,-123.118444
'4500 Kingsway Burnaby BC V5H 2B1 Canada','The Crystal Mall',49.2291936,-123.0046606
'935 Marine Dr North Vancouver BC V7P 1S3 Canada','Capilano Mall',49.3217529,-123.1001628
'4700 Kingsway #604 Burnaby BC V5H 4N2 Canada','Metropolis at Metrotown',49.2261501,-122.9991133
'650 W 41st Ave Vancouver BC V5Z 2M9 Canada','Oakridge Centre',49.2320488,-123.1186817
'2002 Park Royal S West Vancouver BC V7T 2W4 Canada','Park Royal',49.3248206,-123.1368195
'1030 Denman St #125A Vancouver BC V6G 2M6 Canada','Denman Place Mall',49.2887289,-123.1382003
'Canada Pl Vancouver BC V6C 3G3 Canada','Burrard Landing',49.2893204,-123.1175351
'114 - 370 East Broadway Street Vancouver BC V5T 4G5 Canada','Kingsgate Mall',49.2622958,-123.0972251
'3660 E Hastings St Vancouver BC V5K 2A9 Canada','Sufi Meditation Centers Society',49.280961,-123.024604
'2741 E Hastings St Vancouver BC V5K 1Z8 Canada','Kool Canadian Stores Inc',49.2812729,-123.0485683
'2585 E Hastings St Vancouver BC V5K 1Z1 Canada','London Drugs',49.2814464,-123.0525156
'1820 E Hastings St Vancouver BC V5L 1T2 Canada','Value Village',49.2809372,-123.0674942
'2425 E Hastings St Vancouver BC V5L 1V3 Canada','Long Live Cats and Dogs',49.2813736,-123.0560139
'114 - 370 East Broadway Street Vancouver BC V5T 4G5 Canada','Kingsgate Mall',49.2622958,-123.0972251
'650 W 41st Ave #319 Vancouver BC V5Z 2M9 Canada','Oakridge Centre Administration',49.2332025,-123.1179051
'555 12th Avenue W Vancouver BC V5Z 3X7 Canada','City Square',49.2609344,-123.1161108
'88 W Pender St Vancouver BC V6B 6N8 Canada','International Village Mall',49.2802661,-123.1067135
'4500 Kingsway Burnaby BC V5H 2B1 Canada','The Crystal Mall',49.2291936,-123.0046606
'701 W Georgia St Vancouver BC V7Y 1G5 Canada','CF Pacific Centre',49.2843789,-123.1163501
'340-757 W Hastings St Vancouver BC V6C 1A1 Canada','Sinclair Centre',49.2863743,-123.1140779
'505 Burrard St Vancouver BC V7X 1M9 Canada','Bentall Centre',49.286595,-123.118444
'4700 Kingsway #604 Burnaby BC V5H 4N2 Canada','Metropolis at Metrotown',49.2261501,-122.9991133
'935 Marine Dr North Vancouver BC V7P 1S3 Canada','Capilano Mall',49.3217529,-123.1001628
'4567 Lougheed Hwy #260 Burnaby BC V5C 3Z6 Canada','Brentwood Town Centre',49.2684831,-123.0007943
'4151 Hazelbridge Way Richmond BC V6X 4J7 Canada','Aberdeen Centre',49.1839775,-123.1335519
'6500 Hastings St Burnaby BC V5B 1S2 Canada','Kensington Square Shopping Centre',49.2798613,-122.9691701
'3870 Jacombs Rd Richmond BC V6V 1Y6 Canada','sleep Country Canada',49.1857306,-123.0795401
'4894 Knight St Vancouver BC V5N 3N4 Canada','7-Eleven',49.2404973,-123.07604
'4411 Beatrice St Vancouver BC V5N 4J1 Canada','Merchant Stores',49.2453622,-123.0668141
'1234 Kingsway Vancouver BC V5V 3E1 Canada','Midland Liquidators',49.2515423,-123.0791392
'1595 Kingsway St Vancouver BC V5N 2R8 Canada','Famous Foods',49.2483376,-123.0714941
'3728 Clark Dr Vancouver BC V5V 4Y6 Canada','Cedar Cottage Cold Beer & Wine',49.2512761,-123.0777635
'2162 Kingsway Vancouver BC V5N 2T5 Canada','Fabrics Etc',49.2437442,-123.0625982
'650 W 41st Ave Vancouver BC V5Z 2M9 Canada','Oakridge Centre',49.2320488,-123.1186817
'701 W Georgia St Vancouver BC V7Y 1G5 Canada','CF Pacific Centre',49.2843789,-123.1163501
'88 W Pender St Vancouver BC V6B 6N8 Canada','International Village Mall',49.2802661,-123.1067135
'555 12th Avenue W Vancouver BC V5Z 3X7 Canada','City Square',49.2609344,-123.1161108
'4255 Arbutus St Vancouver BC V6J 4R1 Canada','Arbutus Shopping Centre',49.2487758,-123.1550158
'4151 Hazelbridge Way Richmond BC V6X 4J7 Canada','Aberdeen Centre',49.1839775,-123.1335519
'6551 No 3 Rd Richmond BC V6Y 2B6 Canada','CF Richmond Centre',49.1669379,-123.1384325
'4700 Kingsway #604 Burnaby BC V5H 4N2 Canada','Metropolis at Metrotown',49.2261501,-122.9991133
'3870 Jacombs Rd Richmond BC V6V 1Y6 Canada','sleep Country Canada',49.1857306,-123.0795401
'5300 No 3 Rd Richmond BC V6X 2X9 Canada','Lansdowne Centre',49.175756,-123.1324697
'1030 Denman St #125A Vancouver BC V6G 2M6 Canada','Denman Place Mall',49.2887289,-123.1382003
'505 Burrard St Vancouver BC V7X 1M9 Canada','Bentall Centre',49.286595,-123.118444
'935 Marine Dr North Vancouver BC V7P 1S3 Canada','Capilano Mall',49.3217529,-123.1001628
'6191 West Blvd Vancouver BC V6M 3X3 Canada','Kerrisdale Lumber',49.2299899,-123.1558993
'2058 W 41st Ave Vancouver BC V6M 1Y8 Canada','BC Liquor Stores',49.2342338,-123.1538226
'300 W Georgia St Vancouver BC V6B 6B1 Canada','Library Square Tower Shops & Food',49.2796616,-123.115319
'54th & Kerr Street Vancouver BC V5S 1Z1 Canada','Champlain Square',49.2200464,-123.0400434
'Canada Pl Vancouver BC V6C 3G3 Canada','Burrard Landing',49.2893204,-123.1175351
'2141 W 41st Ave Vancouver BC V6M 1Z6 Canada','Buchan's Kerrisdale Stationery',49.2346851,-123.1565679
'1199 Lynn Valley #129A North Vancouver BC V7J 3H2 Canada','Lynn Valley Centre',49.3344816,-123.0401548
'54th & Kerr Street Vancouver BC V5S 1Z1 Canada','Champlain Square',49.2200464,-123.0400434
'4500 Kingsway Burnaby BC V5H 2B1 Canada','The Crystal Mall',49.2291936,-123.0046606
'4700 Kingsway #604 Burnaby BC V5H 4N2 Canada','Metropolis at Metrotown',49.2261501,-122.9991133
'650 W 41st Ave Vancouver BC V5Z 2M9 Canada','Oakridge Centre',49.2320488,-123.1186817
'555 12th Avenue W Vancouver BC V5Z 3X7 Canada','City Square',49.2609344,-123.1161108
'88 W Pender St Vancouver BC V6B 6N8 Canada','International Village Mall',49.2802661,-123.1067135
'701 W Georgia St Vancouver BC V7Y 1G5 Canada','CF Pacific Centre',49.2843789,-123.1163501
'935 Marine Dr North Vancouver BC V7P 1S3 Canada','Capilano Mall',49.3217529,-123.1001628
'2611 E 49th Ave Vancouver BC V5S 1J9 Canada','Killarney Market',49.2256847,-123.0538468
'4151 Hazelbridge Way Richmond BC V6X 4J7 Canada','Aberdeen Centre',49.1839775,-123.1335519
'4567 Lougheed Hwy #260 Burnaby BC V5C 3Z6 Canada','Brentwood Town Centre',49.2684831,-123.0007943
'505 Burrard St Vancouver BC V7X 1M9 Canada','Bentall Centre',49.286595,-123.118444
'3870 Jacombs Rd Richmond BC V6V 1Y6 Canada','sleep Country Canada',49.1857306,-123.0795401
'340-757 W Hastings St Vancouver BC V6C 1A1 Canada','Sinclair Centre',49.2863743,-123.1140779
'1199 Lynn Valley #129A North Vancouver BC V7J 3H2 Canada','Lynn Valley Centre',49.3344816,-123.0401548
'5300 No 3 Rd Richmond BC V6X 2X9 Canada','Lansdowne Centre',49.175756,-123.1324697
'7155 Kingsway Burnaby BC V5E 0A6 Canada','Highgate Village Shopping Centre',49.2189098,-122.9567679
'7160 Kerr St Vancouver BC V5S 3T0 Canada','Canada Post',49.2191371,-123.0400729
'114 - 370 East Broadway Street Vancouver BC V5T 4G5 Canada','Kingsgate Mall',49.2622958,-123.0972251
'3436 Kingsway Vancouver BC V5R 5L4 Canada','BC Liquor Stores',49.2314026,-123.0322902
'555 12th Avenue W Vancouver BC V5Z 3X7 Canada','City Square',49.2609344,-123.1161108
'701 W Georgia St Vancouver BC V7Y 1G5 Canada','CF Pacific Centre',49.2843789,-123.1163501
'505 Burrard St Vancouver BC V7X 1M9 Canada','Bentall Centre',49.286595,-123.118444
'88 W Pender St Vancouver BC V6B 6N8 Canada','International Village Mall',49.2802661,-123.1067135
'650 W 41st Ave #319 Vancouver BC V5Z 2M9 Canada','Oakridge Centre Administration',49.2332025,-123.1179051
'935 Marine Dr North Vancouver BC V7P 1S3 Canada','Capilano Mall',49.3217529,-123.1001628
'340-757 W Hastings St Vancouver BC V6C 1A1 Canada','Sinclair Centre',49.2863743,-123.1140779
'3626 Broadway W Vancouver BC V6R 2B7 Canada','SPCA Thrift Store',49.2641997,-123.1842792
'1810 Fir St Vancouver BC V6J 3B1 Canada','Reckless Bike Stores',49.2695303,-123.1406538
'2088 W Broadway Vancouver BC V6J 1Z6 Canada','BC Liquor Stores',49.2636561,-123.1520649
'1930 Arbutus St Vancouver BC V6J 3X7 Canada','Celsia Florist',49.268455,-123.152596
'2083 Alma St #101 Vancouver BC V6R 4N6 Canada','BC Liquor Stores',49.2679594,-123.1862978
'114 - 370 East Broadway Street Vancouver BC V5T 4G5 Canada','Kingsgate Mall',49.2622958,-123.0972251
'2738 Arbutus St Vancouver BC V6K 3A9 Canada','Tisol Pet Nutrition & Supply Stores',49.2617661,-123.1528151
'2589 W Broadway Vancouver BC V6K 2E9 Canada','Della Optique Optometry & Eyewear in KitsilanoVancouver',49.2641696,-123.1645302
'2239 W 4th Ave Vancouver BC V6K 1N9 Canada','Kitsilano Wine Cellar',49.2683751,-123.1564745
'2136 W 4th Ave Vancouver BC V6K 1N6 Canada','The North Face Store',49.267958,-123.153672
'2285 W 4th Ave Vancouver BC V6K 1N9 Canada','Whole Foods Market',49.2683595,-123.1571062
'1855 W 1st Ave #21 Vancouver BC V6J 5B8 Canada','Flowers On 1st',49.270805,-123.14744
'2199 W 4th Ave Vancouver BC V6K 1N7 Canada','Urban Outfitters',49.2683154,-123.1548902
'650 W 41st Ave Vancouver BC V5Z 2M9 Canada','Oakridge Centre',49.2320488,-123.1186817
'555 12th Avenue W Vancouver BC V5Z 3X7 Canada','City Square',49.2609344,-123.1161108
'88 W Pender St Vancouver BC V6B 6N8 Canada','International Village Mall',49.2802661,-123.1067135
'701 W Georgia St Vancouver BC V7Y 1G5 Canada','CF Pacific Centre',49.2843789,-123.1163501
'935 Marine Dr North Vancouver BC V7P 1S3 Canada','Capilano Mall',49.3217529,-123.1001628
'4151 Hazelbridge Way Richmond BC V6X 4J7 Canada','Aberdeen Centre',49.1839775,-123.1335519
'6551 No 3 Rd Richmond BC V6Y 2B6 Canada','CF Richmond Centre',49.1669379,-123.1384325
'4700 Kingsway #604 Burnaby BC V5H 4N2 Canada','Metropolis at Metrotown',49.2261501,-122.9991133
'1030 Denman St #125A Vancouver BC V6G 2M6 Canada','Denman Place Mall',49.2887289,-123.1382003
'505 Burrard St Vancouver BC V7X 1M9 Canada','Bentall Centre',49.286595,-123.118444
'4255 Arbutus St Vancouver BC V6J 4R1 Canada','Arbutus Shopping Centre',49.2487758,-123.1550158
'3700 No 3 Rd Richmond BC V6X 3X2 Canada','Yaohan Centre',49.1862612,-123.133355
'4500 Kingsway Burnaby BC V5H 2B1 Canada','The Crystal Mall',49.2291936,-123.0046606
'5300 No 3 Rd Richmond BC V6X 2X9 Canada','Lansdowne Centre',49.175756,-123.1324697
'3870 Jacombs Rd Richmond BC V6V 1Y6 Canada','sleep Country Canada',49.1857306,-123.0795401
'1525 W 70th Ave Vancouver BC V6P 5A1 Canada','BC Liquor Stores',49.2087793,-123.1416119
'8400 Alexandra Rd Richmond BC Canada','Olympia Centre',49.1775697,-123.1303129
'114 - 370 East Broadway Street Vancouver BC V5T 4G5 Canada','Kingsgate Mall',49.2622958,-123.0972251
'8555 Granville St Vancouver BC V6P 4Z9 Canada','Safeway',49.2094529,-123.1410782
'226 SW Marine Dr Vancouver BC V5X 2R4 Canada','The Antique Warehouse',49.2115272,-123.1109958
'370 E Broadway Vancouver BC V5T 4G5 Canada','WestPark',49.2623495,-123.0971213
'555 12th Avenue W Vancouver BC V5Z 3X7 Canada','City Square',49.2609344,-123.1161108
'114 - 370 East Broadway Street Vancouver BC V5T 4G5 Canada','Kingsgate Mall',49.2622958,-123.0972251
'701 W Georgia St Vancouver BC V7Y 1G5 Canada','CF Pacific Centre',49.2843789,-123.1163501
'650 W 41st Ave Vancouver BC V5Z 2M9 Canada','Oakridge Centre',49.2320488,-123.1186817
'4700 Kingsway #604 Burnaby BC V5H 4N2 Canada','Metropolis at Metrotown',49.2261501,-122.9991133
'370 E Broadway Vancouver BC V5T 4G5 Canada','BC Liquor Stores',49.2622465,-123.0971527
'2949 Main St Vancouver BC V5T 3G4 Canada','Tisol Pet Nutrition & Supply Stores',49.2585549,-123.1014504
'Kingsgate Mall 370 East Broadway Unit 101 Vancouver BC V5T 4G5 Canada','Payless ShoeSource',49.2621596,-123.0970087
'180 E 15th Ave Vancouver BC V5T 4R3 Canada','Headache and Migraine Treatment Centers of Vancouver BC',49.2575051,-123.1018436
'2395 Cambie St Vancouver BC V5Z 2T9 Canada','BC Liquor Stores',49.2643891,-123.1152185
'1 Kingsway Vancouver BC V5T 3H7 Canada','Vancouver Public Library Mount Pleasant Branch',49.26431,-123.10041
'104 Broadway E Vancouver BC V5T 1V9 Canada','Mount Pleasant Optometry Centre',49.2628393,-123.1028098
'127 W 5th Ave Vancouver BC V5Y 1H9 Canada','Rocanini Coffee Roasters',49.2666505,-123.1076901
'370 E Broadway Vancouver BC V5T 4G5 Canada','Dollar Land',49.2623832,-123.0971025
'112 E 7th Ave Vancouver BC V5T 1M6 Canada','Bikes For All',49.2645285,-123.1024186
'4000 Musqueam Ave Vancouver BC V6N 4C6 Canada','Musqueam Cultural Pavilion',49.2234694,-123.1995785
'1450 SW Marine Dr Vancouver BC V6P 5Z9 Canada','Musqueam Indian Band',49.2042456,-123.1395323
'4010 Si Lu Dr Vancouver BC V6N 4K7 Canada','Musqueam Elders Ctr',49.2270722,-123.192006
'4331 Staulo Crescent Vancouver BC V6N 3S3 Canada','Musqueam Field',49.230596,-123.2051984
'3904 51st Avenue West Vancouver BC V6N 3W1 Canada','Musqueam Golf & Learning Academy',49.2250191,-123.1922142
'1985 West Mall Vancouver BC V6T 1Z2 Canada','First Nations House of Learning',49.2655463,-123.2571887
'1000-7899 Templeton Station Rd Vancouver BC V7B0B7 Canada','McArthurGlen Designer Outlet Vancouver',49.1973372,-123.140519
'Chemistry Physics Bldg 6221 University Blvd Vancouver BC V6T 1Z1 Canada','Musqueam Post',49.2654052,-123.2511158
'2329 West Mall Vancouver BC V6T 1Z4 Canada','The University of British Columbia',49.2606052,-123.2459939
'650 W 41st Ave Vancouver BC V5Z 2M9 Canada','Oakridge Centre',49.2320488,-123.1186817
'1030 Denman St #125A Vancouver BC V6G 2M6 Canada','Denman Place Mall',49.2887289,-123.1382003
'650 W 41st Ave Vancouver BC V5Z 2M9 Canada','Oakridge Centre',49.2320488,-123.1186817
'3057 Grandview Hwy Vancouver BC V5M 2E4 Canada','Big Box Outlet Store - Vancouver and Online Store',49.2590493,-123.039633
'4500 Kingsway Burnaby BC V5H 2B1 Canada','The Crystal Mall',49.2291936,-123.0046606
'4700 Kingsway #604 Burnaby BC V5H 4N2 Canada','Metropolis at Metrotown',49.2261501,-122.9991133
'701 W Georgia St Vancouver BC V7Y 1G5 Canada','CF Pacific Centre',49.2843789,-123.1163501
'650 W 41st Ave Vancouver BC V5Z 2M9 Canada','Oakridge Centre',49.2320488,-123.1186817
'88 W Pender St Vancouver BC V6B 6N8 Canada','International Village Mall',49.2802661,-123.1067135
'555 12th Avenue W Vancouver BC V5Z 3X7 Canada','City Square',49.2609344,-123.1161108
'935 Marine Dr North Vancouver BC V7P 1S3 Canada','Capilano Mall',49.3217529,-123.1001628
'4567 Lougheed Hwy #260 Burnaby BC V5C 3Z6 Canada','Brentwood Town Centre',49.2684831,-123.0007943
'3870 Jacombs Rd Richmond BC V6V 1Y6 Canada','sleep Country Canada',49.1857306,-123.0795401
'2525 Kingsway Vancouver BC V5R 5H3 Canada','McGavin's Bread Basket Stores',49.2400133,-123.0535973
'3150 E Broadway Vancouver BC V5M 1Z6 Canada','BC Liquor Stores',49.2614856,-123.0373072
'3436 Kingsway Vancouver BC V5R 5L4 Canada','BC Liquor Stores',49.2314026,-123.0322902
'3033 Grandview Hwy Vancouver BC V5M 2E4 Canada','Tisol Pet Nutrition & Supply Stores',49.2588384,-123.0408212
'2860 Bentall Street Vancouver BC V5M 4H4 Canada','PetSmart',49.258513,-123.031495
'2835 E 12th Ave Vancouver BC V5M 4P9 Canada','Universal Supply Co. Inc.',49.2592744,-123.0468465
'2825 Grandview Hwy Vancouver BC V5M 2E1 Canada','Central Hobbies',49.2583349,-123.0459268
'3295 E 22nd Ave Vancouver BC V5M 2Y9 Canada','7-Eleven',49.251012,-123.0342016
'2985 Kingsway Vancouver BC V5R 5J4 Canada','Vancouver Public Library Collingwood Branch',49.236202,-123.042684
'3695 Grandview Hwy Vancouver BC V6M 2G7 Canada','Roots 73',49.2586031,-123.024285
'650 W 41st Ave Vancouver BC V5Z 2M9 Canada','Oakridge Centre',49.2320488,-123.1186817
'555 12th Avenue W Vancouver BC V5Z 3X7 Canada','City Square',49.2609344,-123.1161108
'701 W Georgia St Vancouver BC V7Y 1G5 Canada','CF Pacific Centre',49.2843789,-123.1163501
'5300 No 3 Rd Richmond BC V6X 2X9 Canada','Lansdowne Centre',49.175756,-123.1324697
'3870 Jacombs Rd Richmond BC V6V 1Y6 Canada','sleep Country Canada',49.1857306,-123.0795401
'4500 Kingsway Burnaby BC V5H 2B1 Canada','The Crystal Mall',49.2291936,-123.0046606
'4423 Main St Vancouver BC V5V 3R2 Canada','BC Liquor Stores',49.245502,-123.1014901
'3511 Main St Vancouver BC V5V 3N3 Canada','Welk's',49.2535264,-123.1011764
'4807 Main St Vancouver BC V5V 3R9 Canada','Matchstick Coffee Riley Park',49.2417993,-123.1018127
'3638 Main St Vancouver BC V5V 3N5 Canada','Umeboshi',49.2522051,-123.100751
'3868 Main St Vancouver BC V5V 3N9 Canada','Novo Furniture',49.2506869,-123.1008011
'3520 Main St Vancouver BC V5V 3N3 Canada','Bakers Dozen Antiques',49.2535135,-123.1007095
'639 E 15th Ave Vancouver BC V5T 2R6 Canada','Matchstick Coffee',49.2572938,-123.0902816
'4376 Main St Vancouver BC V5V 3P9 Canada','JoJo's Place',49.2459648,-123.1010626
'4609 Main St Vancouver BC V5V 3R6 Canada','ReFind',49.2430357,-123.1015749
'4575 Clancy Loranger Way Vancouver BC V5Y 2M4 Canada','Blue Parrot Coffee',49.2438697,-123.1077187
'4125 Main St Vancouver BC V5V 3P6 Canada','Main Street Honey Shoppe',49.2484392,-123.1013894
'3568 Fraser St Vancouver BC V6V 4C6 Canada','Nice Shoes',49.2532487,-123.0896446
'650 W 41st Ave Vancouver BC V5Z 2M9 Canada','Oakridge Centre',49.2320488,-123.1186817
'555 12th Avenue W Vancouver BC V5Z 3X7 Canada','City Square',49.2609344,-123.1161108
'701 W Georgia St Vancouver BC V7Y 1G5 Canada','CF Pacific Centre',49.2843789,-123.1163501
'4255 Arbutus St Vancouver BC V6J 4R1 Canada','Arbutus Shopping Centre',49.2487758,-123.1550158
'88 W Pender St Vancouver BC V6B 6N8 Canada','International Village Mall',49.2802661,-123.1067135
'935 Marine Dr North Vancouver BC V7P 1S3 Canada','Capilano Mall',49.3217529,-123.1001628
'6551 No 3 Rd Richmond BC V6Y 2B6 Canada','CF Richmond Centre',49.1669379,-123.1384325
'505 Burrard St Vancouver BC V7X 1M9 Canada','Bentall Centre',49.286595,-123.118444
'4500 Kingsway Burnaby BC V5H 2B1 Canada','The Crystal Mall',49.2291936,-123.0046606
'4700 Kingsway #604 Burnaby BC V5H 4N2 Canada','Metropolis at Metrotown',49.2261501,-122.9991133
'4151 Hazelbridge Way Richmond BC V6X 4J7 Canada','Aberdeen Centre',49.1839775,-123.1335519
'340-757 W Hastings St Vancouver BC V6C 1A1 Canada','Sinclair Centre',49.2863743,-123.1140779
'4567 Lougheed Hwy #260 Burnaby BC V5C 3Z6 Canada','Brentwood Town Centre',49.2684831,-123.0007943
'5300 No 3 Rd Richmond BC V6X 2X9 Canada','Lansdowne Centre',49.175756,-123.1324697
'3870 Jacombs Rd Richmond BC V6V 1Y6 Canada','sleep Country Canada',49.1857306,-123.0795401
'650 W 41st Ave #319 Vancouver BC V5Z 2M9 Canada','Oakridge Centre Administration',49.2332025,-123.1179051
'555 12th Avenue W Vancouver BC V5Z 3X7 Canada','City Square',49.2609344,-123.1161108
'701 W Georgia St Vancouver BC V7Y 1G5 Canada','CF Pacific Centre',49.2843789,-123.1163501
'5555 Cambie St Vancouver BC V5Z 2Z9 Canada','BC Liquor Stores',49.2347703,-123.1164886
'88 W Pender St Vancouver BC V6B 6N8 Canada','International Village Mall',49.2802661,-123.1067135
'505 Burrard St Vancouver BC V7X 1M9 Canada','Bentall Centre',49.286595,-123.118444
'935 Marine Dr North Vancouver BC V7P 1S3 Canada','Capilano Mall',49.3217529,-123.1001628
'4700 Kingsway #604 Burnaby BC V5H 4N2 Canada','Metropolis at Metrotown',49.2261501,-122.9991133
'6551 No 3 Rd Richmond BC V6Y 2B6 Canada','CF Richmond Centre',49.1669379,-123.1384325
'4151 Hazelbridge Way Richmond BC V6X 4J7 Canada','Aberdeen Centre',49.1839775,-123.1335519
'5300 No 3 Rd Richmond BC V6X 2X9 Canada','Lansdowne Centre',49.175756,-123.1324697
'4500 Kingsway Burnaby BC V5H 2B1 Canada','The Crystal Mall',49.2291936,-123.0046606
'3870 Jacombs Rd Richmond BC V6V 1Y6 Canada','sleep Country Canada',49.1857306,-123.0795401
'4567 Lougheed Hwy #260 Burnaby BC V5C 3Z6 Canada','Brentwood Town Centre',49.2684831,-123.0007943
'114 - 370 East Broadway Street Vancouver BC V5T 4G5 Canada','Kingsgate Mall',49.2622958,-123.0972251
'990 West King Edward Avenue Vancouver BC V5Z 2E2 Canada','Safeway',49.2484672,-123.1265377
'505 Burrard St Vancouver BC V7X 1M9 Canada','Bentall Centre',49.286595,-123.118444
'2002 Park Royal S West Vancouver BC V7T 2W4 Canada','Park Royal',49.3248206,-123.1368195
'701 W Georgia St Vancouver BC V7Y 1G5 Canada','CF Pacific Centre',49.2843789,-123.1163501
'88 W Pender St Vancouver BC V6B 6N8 Canada','International Village Mall',49.2802661,-123.1067135
'935 Marine Dr North Vancouver BC V7P 1S3 Canada','Capilano Mall',49.3217529,-123.1001628
'555 12th Avenue W Vancouver BC V5Z 3X7 Canada','City Square',49.2609344,-123.1161108
'650 W 41st Ave Vancouver BC V5Z 2M9 Canada','Oakridge Centre',49.2320488,-123.1186817
'340-757 W Hastings St Vancouver BC V6C 1A1 Canada','Sinclair Centre',49.2863743,-123.1140779
'123 Carrie Cates Ct North Vancouver BC V7M 3K7 Canada','Lonsdale Quay Market',49.3107128,-123.0817305
'4700 Kingsway #604 Burnaby BC V5H 4N2 Canada','Metropolis at Metrotown',49.2261501,-122.9991133
'5601 Stanley Park Dr Vancouver BC V6G 3E2 Canada','Prospect Point - Stanley Park',49.312677,-123.142595
'1610 Robson St Vancouver BC V6G 1C7 Canada','Robson Public Market',49.2894817,-123.1329442
'Vancouver BC V6G 1Z4 Canada','Stanley Park',49.3017049,-123.1417003
'1501 Stanley Park Dr Vancouver BC V6G 3E2 Canada','Legends of The Moon',49.2993783,-123.1214731
'114 - 370 East Broadway Street Vancouver BC V5T 4G5 Canada','Kingsgate Mall',49.2622958,-123.0972251
'7501 Stanley Park Dr Vancouver BC V6G 1Z4 Canada','Teahouse in Stanley Park',49.3012531,-123.1570794
'610 Pipeline Rd Vancouver BC V6G 1Z4 Canada','Stanley Park Pavilion',49.29962,-123.133842
'88 W Pender St Vancouver BC V6B 6N8 Canada','International Village Mall',49.2802661,-123.1067135
'701 W Georgia St Vancouver BC V7Y 1G5 Canada','CF Pacific Centre',49.2843789,-123.1163501
'555 12th Avenue W Vancouver BC V5Z 3X7 Canada','City Square',49.2609344,-123.1161108
'935 Marine Dr North Vancouver BC V7P 1S3 Canada','Capilano Mall',49.3217529,-123.1001628
'650 W 41st Ave Vancouver BC V5Z 2M9 Canada','Oakridge Centre',49.2320488,-123.1186817
'505 Burrard St Vancouver BC V7X 1M9 Canada','Bentall Centre',49.286595,-123.118444
'4500 Kingsway Burnaby BC V5H 2B1 Canada','The Crystal Mall',49.2291936,-123.0046606
'4700 Kingsway #604 Burnaby BC V5H 4N2 Canada','Metropolis at Metrotown',49.2261501,-122.9991133
'1030 Denman St #125A Vancouver BC V6G 2M6 Canada','Denman Place Mall',49.2887289,-123.1382003
'340-757 W Hastings St Vancouver BC V6C 1A1 Canada','Sinclair Centre',49.2863743,-123.1140779
'114 - 370 East Broadway Street Vancouver BC V5T 4G5 Canada','Kingsgate Mall',49.2622958,-123.0972251
'4567 Lougheed Hwy #260 Burnaby BC V5C 3Z6 Canada','Brentwood Town Centre',49.2684831,-123.0007943
'3870 Jacombs Rd Richmond BC V6V 1Y6 Canada','sleep Country Canada',49.1857306,-123.0795401
'370 E Broadway Vancouver BC V5T 4G5 Canada','BC Liquor Stores',49.2622465,-123.0971527
'6810 Main St Vancouver BC V5X 0A1 Canada','Sunset Community Centre',49.2228633,-123.1011745
'390 E 51st Ave Vancouver BC V5X 1C5 Canada','Sunset Arena',49.223077,-123.0981588
'1111 Burnaby St Vancouver BC V6E 1P4 Canada','Sunset Inn & Suites',49.2800828,-123.1324667
'1204 Beach Ave Vancouver BC V6E 1V3 Canada','Sunset Beach Park',49.279948,-123.1386941
'6464 Fraser St Vancouver BC V5W 3A4 Canada','Dollar Tree',49.225856,-123.090464
'350 SE Marine Dr Vancouver BC V5X 2S5 Canada','Real Canadian Superstore',49.2084842,-123.0996485
'6533 Fraser St Vancouver BC V5X Canada','Breka Bakery & Cafe',49.2251441,-123.0911615
'2z7 6076 Fraser St Vancouver BC V5W 2Z8 Canada','Vancouver Public Library South Hill Branch',49.229508,-123.090415
'1180 SE Marine Dr Vancouver BC V5X 2V6 Canada','Lee Valley Tools Ltd',49.2104715,-123.0823385
'8410 Fraser St Vancouver BC V5X 0A4 Canada','Bayside Performance Inc.',49.2078417,-123.09063
'3870 Jacombs Rd Richmond BC V6V 1Y6 Canada','sleep Country Canada',49.1857306,-123.0795401
'650 W 41st Ave #319 Vancouver BC V5Z 2M9 Canada','Oakridge Centre Administration',49.2332025,-123.1179051
'4700 Kingsway #604 Burnaby BC V5H 4N2 Canada','Metropolis at Metrotown',49.2261501,-122.9991133
'555 12th Avenue W Vancouver BC V5Z 3X7 Canada','City Square',49.2609344,-123.1161108
'4567 Lougheed Hwy #260 Burnaby BC V5C 3Z6 Canada','Brentwood Town Centre',49.2684831,-123.0007943
'88 W Pender St Vancouver BC V6B 6N8 Canada','International Village Mall',49.2802661,-123.1067135
'701 W Georgia St Vancouver BC V7Y 1G5 Canada','CF Pacific Centre',49.2843789,-123.1163501
'6551 No 3 Rd Richmond BC V6Y 2B6 Canada','CF Richmond Centre',49.1669379,-123.1384325
'935 Marine Dr North Vancouver BC V7P 1S3 Canada','Capilano Mall',49.3217529,-123.1001628
'5300 No 3 Rd Richmond BC V6X 2X9 Canada','Lansdowne Centre',49.175756,-123.1324697
'610 6th St New Westminster BC V3L 5V1 Canada','Royal City Centre',49.2126109,-122.9222285
'106 9855 Austin Ave Burnaby BC V3J 1N4 Canada','Lougheed Town Centre',49.2491788,-122.8929307
'8400 Alexandra Rd Richmond BC Canada','Olympia Centre',49.1775697,-123.1303129
'3150 E 54th Ave #110 Vancouver BC V5S 1Z1 Canada','BC Liquor Stores',49.219953,-123.0402391
'5798 Victoria Dr Vancouver BC V5P 3W7 Canada','Sherwin-Williams Paint Store',49.2313355,-123.065358
'6415 Victoria Dr Vancouver BC V5P 3X5 Canada','Value Village',49.2263335,-123.0659277
'6399 Victoria Dr Vancouver BC V5P 3X5 Canada','Chong Lee Market 昌利市場',49.2270054,-123.0658592
'2685 E 49th Avenue Killarney Shopping Centre Vancouver BC V5S 1J9 Canada','Starbucks',49.2251016,-123.0535328
'6914 Victoria Dr Vancouver BC V5P 3Y8 Canada','Bosley's',49.220951,-123.0653817
'2611 E 49th Ave Vancouver BC V5S 1J9 Canada','Killarney Market',49.2256847,-123.0538468
'1030 Denman St #125A Vancouver BC V6G 2M6 Canada','Denman Place Mall',49.2887289,-123.1382003
'701 W Georgia St Vancouver BC V7Y 1G5 Canada','CF Pacific Centre',49.2843789,-123.1163501
'2002 Park Royal S West Vancouver BC V7T 2W4 Canada','Park Royal',49.3248206,-123.1368195
'1610 Robson St Vancouver BC V6G 1C7 Canada','Robson Public Market',49.2894817,-123.1329442
'88 W Pender St Vancouver BC V6B 6N8 Canada','International Village Mall',49.2802661,-123.1067135
'650 W 41st Ave Vancouver BC V5Z 2M9 Canada','Oakridge Centre',49.2320488,-123.1186817
'2083 Alma St Vancouver BC V6R 4N6 Canada','Jericho Shopping Centre',49.2681663,-123.1860397
'4416 W 10th Ave Vancouver BC V6R 2H9 Canada','10th Avenue Salon',49.2635931,-123.2065493
'701 W Georgia St Vancouver BC V7Y 1G5 Canada','CF Pacific Centre',49.2843789,-123.1163501
'555 12th Avenue W Vancouver BC V5Z 3X7 Canada','City Square',49.2609344,-123.1161108
'650 W 41st Ave Vancouver BC V5Z 2M9 Canada','Oakridge Centre',49.2320488,-123.1186817
'88 W Pender St Vancouver BC V6B 6N8 Canada','International Village Mall',49.2802661,-123.1067135
'2002 Park Royal S West Vancouver BC V7T 2W4 Canada','Park Royal',49.3248206,-123.1368195
'505 Burrard St Vancouver BC V7X 1M9 Canada','Bentall Centre',49.286595,-123.118444
'935 Marine Dr North Vancouver BC V7P 1S3 Canada','Capilano Mall',49.3217529,-123.1001628
'4520 W 10th Ave Vancouver BC V6R 2J1 Canada','Point Grey Pharmacy',49.2635479,-123.2098799
'340-757 W Hastings St Vancouver BC V6C 1A1 Canada','Sinclair Centre',49.2863743,-123.1140779
'1030 Denman St #125A Vancouver BC V6G 2M6 Canada','Denman Place Mall',49.2887289,-123.1382003
'3771 W 10th Ave Vancouver BC V6R 2G5 Canada','West Point Cycles',49.263625,-123.18723
'4346 W 10th Ave Vancouver BC V6R Canada','Enda B Fashion',49.2636589,-123.2045188
'6069 West Boulevard Vancouver BC V6M 3X2 Canada','West Point Cycles',49.2311875,-123.1558488
'4449 W 10th Ave Vancouver BC V6R 2H8 Canada','Kaboodles Toy Store',49.2639205,-123.2076514
'4583 W 10th Ave Vancouver BC V6R 2J2 Canada','Liberty Wine Merchants',49.2640524,-123.2115242
'4575 W 10th Ave Vancouver BC V6R 2J2 Canada','Safeway',49.2641923,-123.2108036
'2329 West Mall Vancouver BC V6T 1Z4 Canada','The University of British Columbia',49.2606052,-123.2459939
'4331 W 10th Ave Vancouver BC V6R 2H6 Canada','West Point Grey Time Company',49.2638803,-123.2040544
'6070 East Blvd Vancouver BC V6M 3V4 Canada','Kerrisdale Oakridge Marpole Community Policing Centre',49.2311167,-123.1549084
'2120 Cambie St Vancouver BC V5Z 4N6 Canada','Vancouver Police Department',49.2665433,-123.1143119
'14200 Green Timbers Way Surrey BC V3T 6P3 Canada','Royal Canadian Mounted Police (RCMP)',49.1802395,-122.8288574
'6735 Salish Dr Vancouver BC V6N 4C4 Canada','Police Services',49.2249787,-123.1983959
'1687 W Broadway #78 Vancouver BC V6J 1X2 Canada','Kitsilano-Fairview Community Policing Centre',49.2638987,-123.1430641
'1263 Granville St Vancouver BC V6Z 1M5 Canada','Granville Downtown South Community Policing Centre',49.276591,-123.1273863
'4747 Dunbar St Vancouver BC V6S 2H2 Canada','Vancouver Community Police',49.2442194,-123.1852662
'1263 Granville St Vancouver BC V6Z 1L2 Canada','Granville Community Policing',49.2765903,-123.1273932
'Anderson St Vancouver BC V6H 3R5 Canada','Vancouver Community Police',49.2699766,-123.1369821
'1788 W 5th Ave Vancouver BC V6J 1P2 Canada','BDS PD Canada',49.2668372,-123.1451936
'4949 Heather St Vancouver BC Canada','E Div Crim Behavior Analysis',49.2405309,-123.1221617
'5255 Heather St Vancouver BC Canada','E Div Ipoc Vanc',49.237809,-123.121777
'5255 Heather St Vancouver BC Canada','E Div Aboriginal PS',49.237983,-123.120789
'1315 Railspur Alley Vancouver BC Canada','Administration Building',49.2704673,-123.1337891
'1263 Granville St Vancouver BC V6Z 1L2 Canada','Granville Community Policing',49.2765903,-123.1273932
'1263 Granville St Vancouver BC V6Z 1M5 Canada','Granville Downtown South Community Policing Centre',49.276591,-123.1273863
'1267 Davie St Vancouver BC V6E 1N4 Canada','West End - Coal Harbour Community Policing Centre',49.2825439,-123.1343405
'2120 Cambie St Vancouver BC V5Z 4N6 Canada','Vancouver Police Department',49.2665433,-123.1143119
'240 E Cordova St Vancouver BC V6A 1L3 Canada','Vancouver Police Museum',49.28224,-123.097893
'360W GEORGIA ST Vancouver BC Canada','BC - Small Business & Revenue',49.278977,-123.1125047
'1150 Station St Vancouver BC V6A 4C7 Canada','Pacific Central Station',49.2736975,-123.0978918
'555 W Hastings St Vancouver BC V6B 4N6 Canada','Marine Communications and Traffic Services',49.2846772,-123.1120634
'601 W Cordova St Vancouver BC Canada','Waterfront Station',49.2859597,-123.1116501
'147 E 14 St North Vancouver BC V7L 2N4 Canada','Royal Canadian Mounted Police (RCMP)',49.3208118,-123.0698563
'969 Robson St #500 Vancouver BC V6Z 1X5 Canada','CTV Vancouver',49.2832209,-123.1221506
'1130 W Pender St #325 Vancouver BC V6E 4A4 Canada','Downtown Vancouver Business Improvement Association (DVBIA)',49.2874881,-123.1215988
'3585 Graveley St Vancouver BC V5K 5J5 Canada','Vancouver Police Department',49.2706679,-123.025794
'350 W Georgia St Vancouver BC V6B 6B1 Canada','Vancouver Public Library Central Library',49.279794,-123.11567
'6735 Salish Dr Vancouver BC V6N 4C4 Canada','Police Services',49.2249787,-123.1983959
'595 Howe St Suite 801 Vancouver BC V6C 2T5 Canada','Commissionaires BC - Head Office',49.284591,-123.117422
'14200 Green Timbers Way Surrey BC V3T 6P3 Canada','Royal Canadian Mounted Police (RCMP)',49.1802395,-122.8288574
'898 W Pender St Vancouver BC V6C 1J8 Canada','Vancity Credit Union Br. 10 -Downtown community branch',49.2856351,-123.1168738
'788 Beatty St #404 Vancouver BC V6B 2M1 Canada','Better Business Bureau Of Mainland BC',49.2776085,-123.1133748
'1128 W Hastings St Vancouver BC V6E 4R5 Canada','Vancouver Marriott Pinnacle Downtown Hotel',49.28791,-123.120858
'6735 Salish Dr Vancouver BC V6N 4C4 Canada','Police Services',49.2249787,-123.1983959
'4747 Dunbar St Vancouver BC V6S 2H2 Canada','Vancouver Community Police',49.2442194,-123.1852662
'2120 Cambie St Vancouver BC V5Z 4N6 Canada','Vancouver Police Department',49.2665433,-123.1143119
'6070 East Blvd Vancouver BC V6M 3V4 Canada','Kerrisdale Oakridge Marpole Community Policing Centre',49.2311167,-123.1549084
'2990 Wesbrook Mall Vancouver BC V6T 2B7 Canada','Royal Canadian Mounted Police (RCMP)',49.258915,-123.2382825
'1687 W Broadway #78 Vancouver BC V6J 1X2 Canada','Kitsilano-Fairview Community Policing Centre',49.2638987,-123.1430641
'14200 Green Timbers Way Surrey BC V3T 6P3 Canada','Royal Canadian Mounted Police (RCMP)',49.1802395,-122.8288574
'1267 Davie St Vancouver BC V6E 1N4 Canada','West End - Coal Harbour Community Policing Centre',49.2825439,-123.1343405
'1263 Granville St Vancouver BC V6Z 1M5 Canada','Granville Downtown South Community Policing Centre',49.276591,-123.1273863
'1263 Granville St Vancouver BC V6Z 1L2 Canada','Granville Community Policing',49.2765903,-123.1273932
'1788 W 5th Ave Vancouver BC V6J 1P2 Canada','BDS PD Canada',49.2668372,-123.1451936
'Anderson St Vancouver BC V6H 3R5 Canada','Vancouver Community Police',49.2699766,-123.1369821
'2990 Wesbrook Mall Vancouver BC Canada','University Det',49.258974,-123.238146
'2120 Cambie St Vancouver BC V5Z 4N6 Canada','Vancouver Police Department',49.2665433,-123.1143119
'1687 W Broadway #78 Vancouver BC V6J 1X2 Canada','Kitsilano-Fairview Community Policing Centre',49.2638987,-123.1430641
'Anderson St Vancouver BC V6H 3R5 Canada','Vancouver Community Police',49.2699766,-123.1369821
'1788 W 5th Ave Vancouver BC V6J 1P2 Canada','BDS PD Canada',49.2668372,-123.1451936
'1315 Railspur Alley Vancouver BC Canada','Administration Building',49.2704673,-123.1337891
'14200 Green Timbers Way Surrey BC V3T 6P3 Canada','Royal Canadian Mounted Police (RCMP)',49.1802395,-122.8288574
'1267 Davie St Vancouver BC V6E 1N4 Canada','West End - Coal Harbour Community Policing Centre',49.2825439,-123.1343405
'1263 Granville St Vancouver BC V6Z 1M5 Canada','Granville Downtown South Community Policing Centre',49.276591,-123.1273863
'1202 E Pender St Vancouver BC V6A 1W8 Canada','Vancouver Community Police',49.2803005,-123.0790175
'2777 Commercial Dr Vancouver BC V5N 4C5 Canada','Cedar Cottage Police',49.2599042,-123.0700321
'2625 Franklin St Vancouver BC V5K 3W7 Canada','Vancouver Community Police',49.2825241,-123.050642
'3585 Graveley St Vancouver BC V5K 5J5 Canada','Vancouver Police Department',49.2706679,-123.025794
'2120 Cambie St Vancouver BC V5Z 4N6 Canada','Vancouver Police Department',49.2665433,-123.1143119
'4191 Hastings St Burnaby BC V5C 2J3 Canada','Royal Canadian Mounted Police (RCMP)',49.2812412,-123.0119206
'90 WATERFRONT RD Vancouver BC Canada','E Div Drugs Unit 4A',49.28,-123.089999
'324 Main St Vancouver BC Canada','Vancouver Police & Native Liaison Society',49.2819503,-123.0994227
'Abbott St Vancouver BC V6B 2K7 Canada','Vancouver Community Police',49.2836432,-123.1066184
'555 W Hastings St Vancouver BC V6B 4N6 Canada','Marine Communications and Traffic Services',49.2846772,-123.1120634
'110 Keefer St Vancouver BC Canada','Chinatown Police Committee Service Centre',49.2792917,-123.1014163
'275 CORDOVA ST E Vancouver BC Canada','BC Attorney General Adult Court',49.2824792,-123.0981001
'360W GEORGIA ST Vancouver BC Canada','BC - Small Business & Revenue',49.278977,-123.1125047
'300 GEORGIA ST W Vancouver BC Canada','Cic Vanc Enforcementq',49.2797729,-123.1155495
'815 Hornby St Vancouver BC V6Z 2E6 Canada','Police Services Div',49.2825426,-123.1224601
'333 Dunsmuir St Vancouver BC Canada','Ccra Vanc Airport I&C',49.2818968,-123.1125458
'453 W 12th Ave Vancouver BC V5Y 1V4 Canada','Traffic & Transportation',49.2608024,-123.113944
'3585 Graveley St Vancouver BC V5K 5J5 Canada','Patrol Division District 1 NW',49.2707046,-123.0257918
'800 Smithe St Vancouver BC V6Z 2E1 Canada','Bc Sheriff Svc',49.2819249,-123.1219319
'1977 Commercial Dr Vancouver BC V5N 4A8 Canada','Grandview-Woodland Community Policing Centre',49.2671778,-123.0698654
'3585 Graveley St Vancouver BC V5K 5J5 Canada','Vancouver Police Department',49.2706679,-123.025794
'2625 Franklin St Vancouver BC V5K 3W7 Canada','Vancouver Community Police',49.2825241,-123.050642
'4191 Hastings St Burnaby BC V5C 2J3 Canada','Royal Canadian Mounted Police (RCMP)',49.2812412,-123.0119206
'3585 Graveley St Vancouver BC V5K 5J5 Canada','Patrol Division District 1 NW',49.2707046,-123.0257918
'2120 Cambie St Vancouver BC V5Z 4N6 Canada','Vancouver Police Department',49.2665433,-123.1143119
'2777 Commercial Dr Vancouver BC V5N 4C5 Canada','Cedar Cottage Police',49.2599042,-123.0700321
'1202 E Pender St Vancouver BC V6A 1W8 Canada','Vancouver Community Police',49.2803005,-123.0790175
'6355 Deer Lake Ave Burnaby BC V5G 2J2 Canada','Burnaby RCMP',49.2418807,-122.9712796
'555 W Hastings St Vancouver BC V6B 4N6 Canada','Marine Communications and Traffic Services',49.2846772,-123.1120634
'5435 Victoria Dr Vancouver BC V5P 3V9 Canada','South Vancouver Community Policing Centre',49.234943,-123.0656932
'2777 Commercial Dr Vancouver BC V5N 4C5 Canada','Cedar Cottage Police',49.2599042,-123.0700321
'6288 Fraser St Vancouver BC V5W 3A1 Canada','Credit Unions of BC',49.2274644,-123.0904973
'2120 Cambie St Vancouver BC V5Z 4N6 Canada','Vancouver Police Department',49.2665433,-123.1143119
'14200 Green Timbers Way Surrey BC V3T 6P3 Canada','Royal Canadian Mounted Police (RCMP)',49.1802395,-122.8288574
'657W 37 AVE Vancouver BC Canada','E Div Property & MGMT Sec Vanc',49.229994,-123.110128
'1202 E Pender St Vancouver BC V6A 1W8 Canada','Vancouver Community Police',49.2803005,-123.0790175
'2625 Franklin St Vancouver BC V5K 3W7 Canada','Vancouver Community Police',49.2825241,-123.050642
'453 W 12th Ave Vancouver BC V5Y 1V4 Canada','Traffic & Transportation',49.2608024,-123.113944
'657 37 AVE W Vancouver BC Canada','E Div SW District FIS/West Vanc',49.2377309,-123.11945
'324 Main St Vancouver BC Canada','Vancouver Police & Native Liaison Society',49.2819503,-123.0994227
'Abbott St Vancouver BC V6B 2K7 Canada','Vancouver Community Police',49.2836432,-123.1066184
'110 Keefer St Vancouver BC Canada','Chinatown Police Committee Service Centre',49.2792917,-123.1014163
'555 W Hastings St Vancouver BC V6B 4N6 Canada','Marine Communications and Traffic Services',49.2846772,-123.1120634
'815 Hornby St Vancouver BC V6Z 2E6 Canada','Police Services Div',49.2825426,-123.1224601
'90 WATERFRONT RD Vancouver BC Canada','E Div Drugs Unit 4A',49.28,-123.089999
'300 GEORGIA ST W Vancouver BC Canada','Cic Vanc Enforcementq',49.2797729,-123.1155495
'360W GEORGIA ST Vancouver BC Canada','BC - Small Business & Revenue',49.278977,-123.1125047
'800 Smithe St Vancouver BC V6Z 2E1 Canada','Bc Sheriff Svc',49.2819249,-123.1219319
'275 CORDOVA ST E Vancouver BC Canada','BC Attorney General Adult Court',49.2824792,-123.0981001
'6070 East Blvd Vancouver BC V6M 3V4 Canada','Kerrisdale Oakridge Marpole Community Policing Centre',49.2311167,-123.1549084
'6735 Salish Dr Vancouver BC V6N 4C4 Canada','Police Services',49.2249787,-123.1983959
'2120 Cambie St Vancouver BC V5Z 4N6 Canada','Vancouver Police Department',49.2665433,-123.1143119
'14200 Green Timbers Way Surrey BC V3T 6P3 Canada','Royal Canadian Mounted Police (RCMP)',49.1802395,-122.8288574
'4747 Dunbar St Vancouver BC V6S 2H2 Canada','Vancouver Community Police',49.2442194,-123.1852662
'3585 Graveley St Vancouver BC V5K 5J5 Canada','Vancouver Police Department',49.2706679,-123.025794
'657W 37 AVE Vancouver BC Canada','E Div Property & MGMT Sec Vanc',49.229994,-123.110128
'5255 Heather St Vancouver BC Canada','E Div Ipoc Vanc',49.237809,-123.121777
'4949 Heather St Vancouver BC Canada','E Div Crim Behavior Analysis',49.2405309,-123.1221617
'5255 Heather St Vancouver BC Canada','E Div Aboriginal PS',49.237983,-123.120789
'2990 Wesbrook Mall Vancouver BC V6T 2B7 Canada','Royal Canadian Mounted Police (RCMP)',49.258915,-123.2382825
'1263 Granville St Vancouver BC V6Z 1M5 Canada','Granville Downtown South Community Policing Centre',49.276591,-123.1273863
'5435 Victoria Dr Vancouver BC V5P 3V9 Canada','South Vancouver Community Policing Centre',49.234943,-123.0656932
'4501 Kingsborough St Burnaby BC V5H 4V3 Canada','Royal Canadian Mounted Police (RCMP)',49.229106,-123.0056757
'2120 Cambie St Vancouver BC V5Z 4N6 Canada','Vancouver Police Department',49.2665433,-123.1143119
'147 E 14 St North Vancouver BC V7L 2N4 Canada','Royal Canadian Mounted Police (RCMP)',49.3208118,-123.0698563
'6288 Fraser St Vancouver BC V5W 3A1 Canada','Credit Unions of BC',49.2274644,-123.0904973
'4603 KINGSWAY AVE Burnaby BC Canada','BC - Gaming Police & Enforcement',49.229483,-123.002526
'1330 Marine Dr West Vancouver BC V7T 1B5 Canada','West Vancouver Police Department',49.3274259,-123.1523494
'287 Nelson's Ct New Westminster BC V3L 0E7 Canada','Transit Police',49.2248865,-122.8919067
'6956 Barbell Pl Burnaby BC Canada','Csis BC Reg',49.2200581,-122.9898742
'1687 W Broadway #78 Vancouver BC V6J 1X2 Canada','Kitsilano-Fairview Community Policing Centre',49.2638987,-123.1430641
'2120 Cambie St Vancouver BC V5Z 4N6 Canada','Vancouver Police Department',49.2665433,-123.1143119
'Anderson St Vancouver BC V6H 3R5 Canada','Vancouver Community Police',49.2699766,-123.1369821
'1263 Granville St Vancouver BC V6Z 1M5 Canada','Granville Downtown South Community Policing Centre',49.276591,-123.1273863
'1267 Davie St Vancouver BC V6E 1N4 Canada','West End - Coal Harbour Community Policing Centre',49.2825439,-123.1343405
'1788 W 5th Ave Vancouver BC V6J 1P2 Canada','BDS PD Canada',49.2668372,-123.1451936
'1263 Granville St Vancouver BC V6Z 1L2 Canada','Granville Community Policing',49.2765903,-123.1273932
'838 W Hastings St #300 Vancouver BC V6C 0A6 Canada','CIC Equities Corporation',49.2861412,-123.1157307
'1315 Railspur Alley Vancouver BC Canada','Administration Building',49.2704673,-123.1337891
'14200 Green Timbers Way Surrey BC V3T 6P3 Canada','Royal Canadian Mounted Police (RCMP)',49.1802395,-122.8288574
'1112 W Pender St Vancouver BC V6E 2S1 Canada','Det Norske Veritas',49.2875328,-123.121041
'6735 Salish Dr Vancouver BC V6N 4C4 Canada','Police Services',49.2249787,-123.1983959
'3585 Graveley St Vancouver BC V5K 5J5 Canada','Vancouver Police Department',49.2706679,-123.025794
'4747 Dunbar St Vancouver BC V6S 2H2 Canada','Vancouver Community Police',49.2442194,-123.1852662
'1111 Melville St Vancouver BC Canada','B C Police Commission',49.286824,-123.122256
'2990 Wesbrook Mall Vancouver BC V6T 2B7 Canada','Royal Canadian Mounted Police (RCMP)',49.258915,-123.2382825
'1141 Melville St Vancouver BC V6E 0A3 Canada','Drug Treatment Court Of Vancouver',49.2870963,-123.122964
'401 Burrard St Vancouver BC V6C 3S4 Canada','Regional Headquarters',49.2871145,-123.1178602
'6070 East Blvd Vancouver BC V6M 3V4 Canada','Kerrisdale Oakridge Marpole Community Policing Centre',49.2311167,-123.1549084
'2120 Cambie St Vancouver BC V5Z 4N6 Canada','Vancouver Police Department',49.2665433,-123.1143119
'14200 Green Timbers Way Surrey BC V3T 6P3 Canada','Royal Canadian Mounted Police (RCMP)',49.1802395,-122.8288574
'6735 Salish Dr Vancouver BC V6N 4C4 Canada','Police Services',49.2249787,-123.1983959
'3585 Graveley St Vancouver BC V5K 5J5 Canada','Vancouver Police Department',49.2706679,-123.025794
'657W 37 AVE Vancouver BC Canada','E Div Property & MGMT Sec Vanc',49.229994,-123.110128
'657 37 AVE W Vancouver BC Canada','E Div SW District FIS/West Vanc',49.2377309,-123.11945
'1263 Granville St Vancouver BC V6Z 1M5 Canada','Granville Downtown South Community Policing Centre',49.276591,-123.1273863
'5435 Victoria Dr Vancouver BC V5P 3V9 Canada','South Vancouver Community Policing Centre',49.234943,-123.0656932
'1687 W Broadway #78 Vancouver BC V6J 1X2 Canada','Kitsilano-Fairview Community Policing Centre',49.2638987,-123.1430641
'1263 Granville St Vancouver BC V6Z 1L2 Canada','Granville Community Policing',49.2765903,-123.1273932
'5000 Miller Rd Richmond BC Canada','Cbsa/Asfc Vanc I&C',49.1917193,-123.1684959
'2120 Cambie St Vancouver BC V5Z 4N6 Canada','Vancouver Police Department',49.2665433,-123.1143119
'453 W 12th Ave Vancouver BC V5Y 1V4 Canada','Traffic & Transportation',49.2608024,-123.113944
'6735 Salish Dr Vancouver BC V6N 4C4 Canada','Police Services',49.2249787,-123.1983959
'2120 Cambie St Vancouver BC V5Z 4N6 Canada','Vancouver Police Department',49.2665433,-123.1143119
'6735 Salish Dr Vancouver BC V6N 4C4 Canada','Musqueam Indian Band',49.2249787,-123.1983959
'1450 SW Marine Dr Vancouver BC V6P 5Z9 Canada','Musqueam Indian Band',49.2042456,-123.1395323
'4010 Si Lu Dr Vancouver BC V6N 4K7 Canada','Musqueam Elders Ctr',49.2270722,-123.192006
'4331 Staulo Crescent Vancouver BC V6N 3S3 Canada','Musqueam Field',49.230596,-123.2051984
'14200 Green Timbers Way Surrey BC V3T 6P3 Canada','Royal Canadian Mounted Police (RCMP)',49.1802395,-122.8288574
'Dunbar-Southlands Vancouver BC V6N 2B8 Canada','Musqueam Park',49.2296316,-123.1921129
'2990 Wesbrook Mall Vancouver BC V6T 2B7 Canada','Royal Canadian Mounted Police (RCMP)',49.258915,-123.2382825
'1267 Davie St Vancouver BC V6E 1N4 Canada','West End - Coal Harbour Community Policing Centre',49.2825439,-123.1343405
'1330 Marine Dr West Vancouver BC V7T 1B5 Canada','West Vancouver Police Department',49.3274259,-123.1523494
'6070 East Blvd Vancouver BC V6M 3V4 Canada','Kerrisdale Oakridge Marpole Community Policing Centre',49.2311167,-123.1549084
'657W 37 AVE Vancouver BC Canada','E Div Property & MGMT Sec Vanc',49.229994,-123.110128
'2120 Cambie St Vancouver BC V5Z 4N6 Canada','Vancouver Police Department',49.2665433,-123.1143119
'14200 Green Timbers Way Surrey BC V3T 6P3 Canada','Royal Canadian Mounted Police (RCMP)',49.1802395,-122.8288574
'657 37 AVE W Vancouver BC Canada','E Div SW District FIS/West Vanc',49.2377309,-123.11945
'5255 Heather St Vancouver BC Canada','E Div Aboriginal PS',49.237983,-123.120789
'4951 Heather St Vancouver BC Canada','E Div Protective Serv Sec Vanc',49.2388228,-123.1208986
'4949 Heather St Vancouver BC Canada','E Div Crim Behavior Analysis',49.2405309,-123.1221617
'3585 Graveley St Vancouver BC V5K 5J5 Canada','Vancouver Police Department',49.2706679,-123.025794
'6735 Salish Dr Vancouver BC V6N 4C4 Canada','Police Services',49.2249787,-123.1983959
'5435 Victoria Dr Vancouver BC V5P 3V9 Canada','South Vancouver Community Policing Centre',49.234943,-123.0656932
'6288 Fraser St Vancouver BC V5W 3A1 Canada','Credit Unions of BC',49.2274644,-123.0904973
'1687 W Broadway #78 Vancouver BC V6J 1X2 Canada','Kitsilano-Fairview Community Policing Centre',49.2638987,-123.1430641
'1263 Granville St Vancouver BC V6Z 1M5 Canada','Granville Downtown South Community Policing Centre',49.276591,-123.1273863
'1263 Granville St Vancouver BC V6Z 1L2 Canada','Granville Community Policing',49.2765903,-123.1273932
'2990 Wesbrook Mall Vancouver BC V6T 2B7 Canada','Royal Canadian Mounted Police (RCMP)',49.258915,-123.2382825
'453 W 12th Ave Vancouver BC V5Y 1V4 Canada','Traffic & Transportation',49.2608024,-123.113944
'5435 Victoria Dr Vancouver BC V5P 3V9 Canada','South Vancouver Community Policing Centre',49.234943,-123.0656932
'3585 Graveley St Vancouver BC V5K 5J5 Canada','Vancouver Police Department',49.2706679,-123.025794
'2120 Cambie St Vancouver BC V5Z 4N6 Canada','Vancouver Police Department',49.2665433,-123.1143119
'2777 Commercial Dr Vancouver BC V5N 4C5 Canada','Cedar Cottage Police',49.2599042,-123.0700321
'6288 Fraser St Vancouver BC V5W 3A1 Canada','Credit Unions of BC',49.2274644,-123.0904973
'555 W Hastings St Vancouver BC V6B 4N6 Canada','Marine Communications and Traffic Services',49.2846772,-123.1120634
'6735 Salish Dr Vancouver BC V6N 4C4 Canada','Police Services',49.2249787,-123.1983959
'2625 Franklin St Vancouver BC V5K 3W7 Canada','Vancouver Community Police',49.2825241,-123.050642
'1202 E Pender St Vancouver BC V6A 1W8 Canada','Vancouver Community Police',49.2803005,-123.0790175
'324 Main St Vancouver BC Canada','Vancouver Police & Native Liaison Society',49.2819503,-123.0994227
'Abbott St Vancouver BC V6B 2K7 Canada','Vancouver Community Police',49.2836432,-123.1066184
'110 Keefer St Vancouver BC Canada','Chinatown Police Committee Service Centre',49.2792917,-123.1014163
'815 Hornby St Vancouver BC V6Z 2E6 Canada','Police Services Div',49.2825426,-123.1224601
'300 GEORGIA ST W Vancouver BC Canada','Cic Vanc Enforcementq',49.2797729,-123.1155495
'360W GEORGIA ST Vancouver BC Canada','BC - Small Business & Revenue',49.278977,-123.1125047
'90 WATERFRONT RD Vancouver BC Canada','E Div Drugs Unit 4A',49.28,-123.089999
'275 CORDOVA ST E Vancouver BC Canada','BC Attorney General Adult Court',49.2824792,-123.0981001
'333 Dunsmuir St Vancouver BC Canada','Ccra Vanc Airport I&C',49.2818968,-123.1125458
'800 Smithe St Vancouver BC V6Z 2E1 Canada','Bc Sheriff Svc',49.2819249,-123.1219319
'5160 Joyce St Vancouver BC V5R 4H1 Canada','Collingwood Community Policing Centre',49.237702,-123.0321797
'2120 Cambie St Vancouver BC V5Z 4N6 Canada','Vancouver Police Department',49.2665433,-123.1143119
'14200 Green Timbers Way Surrey BC V3T 6P3 Canada','Royal Canadian Mounted Police (RCMP)',49.1802395,-122.8288574
'5435 Victoria Dr Vancouver BC V5P 3V9 Canada','South Vancouver Community Policing Centre',49.234943,-123.0656932
'1263 Granville St Vancouver BC V6Z 1M5 Canada','Granville Downtown South Community Policing Centre',49.276591,-123.1273863
'6288 Fraser St Vancouver BC V5W 3A1 Canada','Credit Unions of BC',49.2274644,-123.0904973
'657W 37 AVE Vancouver BC Canada','E Div Property & MGMT Sec Vanc',49.229994,-123.110128
'4438 Main St Vancouver BC Canada','Vancouver Police Department',49.245094,-123.101176
'2120 Cambie St Vancouver BC V5Z 4N6 Canada','Vancouver Police Department',49.2665433,-123.1143119
'14200 Green Timbers Way Surrey BC V3T 6P3 Canada','Royal Canadian Mounted Police (RCMP)',49.1802395,-122.8288574
'6070 East Blvd Vancouver BC V6M 3V4 Canada','Kerrisdale Oakridge Marpole Community Policing Centre',49.2311167,-123.1549084
'1687 W Broadway #78 Vancouver BC V6J 1X2 Canada','Kitsilano-Fairview Community Policing Centre',49.2638987,-123.1430641
'1263 Granville St Vancouver BC V6Z 1M5 Canada','Granville Downtown South Community Policing Centre',49.276591,-123.1273863
'5255 Heather St Vancouver BC Canada','E Div Ipoc Vanc',49.237809,-123.121777
'4949 Heather St Vancouver BC Canada','E Div Crim Behavior Analysis',49.2405309,-123.1221617
'5255 Heather St Vancouver BC Canada','E Div Aboriginal PS',49.237983,-123.120789
'5435 Victoria Dr Vancouver BC V5P 3V9 Canada','South Vancouver Community Policing Centre',49.234943,-123.0656932
'1263 Granville St Vancouver BC V6Z 1L2 Canada','Granville Community Policing',49.2765903,-123.1273932
'Anderson St Vancouver BC V6H 3R5 Canada','Vancouver Community Police',49.2699766,-123.1369821
'6735 Salish Dr Vancouver BC V6N 4C4 Canada','Police Services',49.2249787,-123.1983959
'3585 Graveley St Vancouver BC V5K 5J5 Canada','Vancouver Police Department',49.2706679,-123.025794
'1788 W 5th Ave Vancouver BC V6J 1P2 Canada','BDS PD Canada',49.2668372,-123.1451936
'657W 37 AVE Vancouver BC Canada','E Div Property & MGMT Sec Vanc',49.229994,-123.110128
'1330 Marine Dr West Vancouver BC V7T 1B5 Canada','West Vancouver Police Department',49.3274259,-123.1523494
'4747 Dunbar St Vancouver BC V6S 2H2 Canada','Vancouver Community Police',49.2442194,-123.1852662
'453 W 12th Ave Vancouver BC V5Y 1V4 Canada','Traffic & Transportation',49.2608024,-123.113944
'14200 Green Timbers Way Surrey BC V3T 6P3 Canada','Royal Canadian Mounted Police (RCMP)',49.1802395,-122.8288574
'2120 Cambie St Vancouver BC V5Z 4N6 Canada','Vancouver Police Department',49.2665433,-123.1143119
'5255 Heather St Vancouver BC Canada','E Div Ipoc Vanc',49.237809,-123.121777
'4949 Heather St Vancouver BC Canada','E Div Crim Behavior Analysis',49.2405309,-123.1221617
'5255 Heather St Vancouver BC Canada','E Div Aboriginal PS',49.237983,-123.120789
'1263 Granville St Vancouver BC V6Z 1M5 Canada','Granville Downtown South Community Policing Centre',49.276591,-123.1273863
'5435 Victoria Dr Vancouver BC V5P 3V9 Canada','South Vancouver Community Policing Centre',49.234943,-123.0656932
'1687 W Broadway #78 Vancouver BC V6J 1X2 Canada','Kitsilano-Fairview Community Policing Centre',49.2638987,-123.1430641
'6070 East Blvd Vancouver BC V6M 3V4 Canada','Kerrisdale Oakridge Marpole Community Policing Centre',49.2311167,-123.1549084
'1263 Granville St Vancouver BC V6Z 1L2 Canada','Granville Community Policing',49.2765903,-123.1273932
'6288 Fraser St Vancouver BC V5W 3A1 Canada','Credit Unions of BC',49.2274644,-123.0904973
'6735 Salish Dr Vancouver BC V6N 4C4 Canada','Police Services',49.2249787,-123.1983959
'453 W 12th Ave Vancouver BC V5Y 1V4 Canada','Traffic & Transportation',49.2608024,-123.113944
'3585 Graveley St Vancouver BC V5K 5J5 Canada','Vancouver Police Department',49.2706679,-123.025794
'657W 37 AVE Vancouver BC Canada','E Div Property & MGMT Sec Vanc',49.229994,-123.110128
'1267 Davie St Vancouver BC V6E 1N4 Canada','West End - Coal Harbour Community Policing Centre',49.2825439,-123.1343405
'1330 Marine Dr West Vancouver BC V7T 1B5 Canada','West Vancouver Police Department',49.3274259,-123.1523494
'2120 Cambie St Vancouver BC V5Z 4N6 Canada','Vancouver Police Department',49.2665433,-123.1143119
'1112 W Pender St Vancouver BC V6E 2S1 Canada','Det Norske Veritas',49.2875328,-123.121041
'3585 Graveley St Vancouver BC V5K 5J5 Canada','Vancouver Police Department',49.2706679,-123.025794
'6735 Salish Dr Vancouver BC V6N 4C4 Canada','Police Services',49.2249787,-123.1983959
'1111 Melville St Vancouver BC Canada','B C Police Commission',49.286824,-123.122256
'401 Burrard St Vancouver BC V6C 3S4 Canada','Regional Headquarters',49.2871145,-123.1178602
'1141 Melville St Vancouver BC V6E 0A3 Canada','Drug Treatment Court Of Vancouver',49.2870963,-123.122964
'51 Philip Ave North Vancouver BC V7P 2V5 Canada','cm Police',49.314582,-123.118179
'815 Hornby St Vancouver BC V6Z 2E6 Canada','Police Services Div',49.2825426,-123.1224601
'Abbott St Vancouver BC V6B 2K7 Canada','Vancouver Community Police',49.2836432,-123.1066184
'1166 PENDER ST W Vancouver BC Canada','Ccra Invest',49.2878319,-123.1224558
'324 Main St Vancouver BC Canada','Vancouver Police & Native Liaison Society',49.2819503,-123.0994227
'1111 Melville St Vancouver BC V6E 3V6 Canada','Mental Health Review Board',49.2868232,-123.1221176
'401 Burrard St Vancouver BC Canada','Environment Canada Pacific & Yukon',49.2870206,-123.1177939
'555 W Hastings St Vancouver BC V6B 4N6 Canada','Marine Communications and Traffic Services',49.2846772,-123.1120634
'300 GEORGIA ST W Vancouver BC Canada','Cic Vanc Enforcementq',49.2797729,-123.1155495
'110 Keefer St Vancouver BC Canada','Chinatown Police Committee Service Centre',49.2792917,-123.1014163
'360W GEORGIA ST Vancouver BC Canada','BC - Small Business & Revenue',49.278977,-123.1125047
'2120 Cambie St Vancouver BC V5Z 4N6 Canada','Vancouver Police Department',49.2665433,-123.1143119
'110 Keefer St Vancouver BC Canada','Chinatown Police Committee Service Centre',49.2792917,-123.1014163
'324 Main St Vancouver BC Canada','Vancouver Police & Native Liaison Society',49.2819503,-123.0994227
'1202 E Pender St Vancouver BC V6A 1W8 Canada','Vancouver Community Police',49.2803005,-123.0790175
'2120 Cambie St Vancouver BC V5Z 4N6 Canada','Vancouver Police Department',49.2665433,-123.1143119
'6288 Fraser St Vancouver BC V5W 3A1 Canada','Credit Unions of BC',49.2274644,-123.0904973
'147 E 14 St North Vancouver BC V7L 2N4 Canada','Royal Canadian Mounted Police (RCMP)',49.3208118,-123.0698563
'2990 Wesbrook Mall Vancouver BC V6T 2B7 Canada','Royal Canadian Mounted Police (RCMP)',49.258915,-123.2382825
'5435 Victoria Dr Vancouver BC V5P 3V9 Canada','South Vancouver Community Policing Centre',49.234943,-123.0656932
'1111 Burnaby St Vancouver BC V6E 1P4 Canada','Sunset Inn & Suites',49.2800828,-123.1324667
'240 E Cordova St Vancouver BC V6A 1L3 Canada','Vancouver Police Museum',49.28224,-123.097893
'5435 Victoria Dr Vancouver BC V5P 3V9 Canada','South Vancouver Community Policing Centre',49.234943,-123.0656932
'6288 Fraser St Vancouver BC V5W 3A1 Canada','Credit Unions of BC',49.2274644,-123.0904973
'2120 Cambie St Vancouver BC V5Z 4N6 Canada','Vancouver Police Department',49.2665433,-123.1143119
'14200 Green Timbers Way Surrey BC V3T 6P3 Canada','Royal Canadian Mounted Police (RCMP)',49.1802395,-122.8288574
'657W 37 AVE Vancouver BC Canada','E Div Property & MGMT Sec Vanc',49.229994,-123.110128
'657 37 AVE W Vancouver BC Canada','E Div SW District FIS/West Vanc',49.2377309,-123.11945
'555 Columbia St New Westminster BC V3L 1B2 Canada','New Westminster Police Department',49.2034461,-122.907821
'1267 Davie St Vancouver BC V6E 1N4 Canada','West End - Coal Harbour Community Policing Centre',49.2825439,-123.1343405
'2120 Cambie St Vancouver BC V5Z 4N6 Canada','Vancouver Police Department',49.2665433,-123.1143119
'1263 Granville St Vancouver BC V6Z 1M5 Canada','Granville Downtown South Community Policing Centre',49.276591,-123.1273863
'1111 Melville St Vancouver BC Canada','B C Police Commission',49.286824,-123.122256
'815 Hornby St Vancouver BC V6Z 2E6 Canada','Police Services Div',49.2825426,-123.1224601
'1263 Granville St Vancouver BC V6Z 1L2 Canada','Granville Community Policing',49.2765903,-123.1273932
'401 Burrard St Vancouver BC V6C 3S4 Canada','Regional Headquarters',49.2871145,-123.1178602
'1112 W Pender St Vancouver BC V6E 2S1 Canada','Det Norske Veritas',49.2875328,-123.121041
'1141 Melville St Vancouver BC V6E 0A3 Canada','Drug Treatment Court Of Vancouver',49.2870963,-123.122964
'Anderson St Vancouver BC V6H 3R5 Canada','Vancouver Community Police',49.2699766,-123.1369821
'401 Burrard St Vancouver BC Canada','Environment Canada Pacific & Yukon',49.2870206,-123.1177939
'555 W Hastings St Vancouver BC V6B 4N6 Canada','Marine Communications and Traffic Services',49.2846772,-123.1120634
'800 Smithe St Vancouver BC V6Z 2E1 Canada','Bc Sheriff Svc',49.2819249,-123.1219319
'838 W Hastings St #300 Vancouver BC V6C 0A6 Canada','CIC Equities Corporation',49.2861412,-123.1157307
'1166 PENDER ST W Vancouver BC Canada','Ccra Invest',49.2878319,-123.1224558
'1111 Melville St Vancouver BC V6E 3V6 Canada','Mental Health Review Board',49.2868232,-123.1221176
'300 GEORGIA ST W Vancouver BC Canada','Cic Vanc Enforcementq',49.2797729,-123.1155495
'2990 Wesbrook Mall Vancouver BC V6T 2B7 Canada','Royal Canadian Mounted Police (RCMP)',49.258915,-123.2382825
'1687 W Broadway #78 Vancouver BC V6J 1X2 Canada','Kitsilano-Fairview Community Policing Centre',49.2638987,-123.1430641
'2120 Cambie St Vancouver BC V5Z 4N6 Canada','Vancouver Police Department',49.2665433,-123.1143119
'6735 Salish Dr Vancouver BC V6N 4C4 Canada','Police Services',49.2249787,-123.1983959
'4747 Dunbar St Vancouver BC V6S 2H2 Canada','Vancouver Community Police',49.2442194,-123.1852662
'2990 Wesbrook Mall Vancouver BC Canada','University Det',49.258974,-123.238146
'3585 Graveley St Vancouver BC V5K 5J5 Canada','Vancouver Police Department',49.2706679,-123.025794
'14200 Green Timbers Way Surrey BC V3T 6P3 Canada','Royal Canadian Mounted Police (RCMP)',49.1802395,-122.8288574
'1788 W 5th Ave Vancouver BC V6J 1P2 Canada','BDS PD Canada',49.2668372,-123.1451936
'6070 East Blvd Vancouver BC V6M 3V4 Canada','Kerrisdale Oakridge Marpole Community Policing Centre',49.2311167,-123.1549084
'147 E 14 St North Vancouver BC V7L 2N4 Canada','Royal Canadian Mounted Police (RCMP)',49.3208118,-123.0698563
'4455 Clarence Taylor Crescent Delta BC V4K 3E1 Canada','Delta Police Department',49.0836514,-123.0605858
'6355 Deer Lake Ave Burnaby BC V5G 2J2 Canada','Burnaby RCMP',49.2418807,-122.9712796
'100 Annacis Pkwy New Westminster BC V3M Canada','Fisheries & Oceans Canada',49.1932314,-122.9196322
'4333 MacKenzie St Vancouver BC V6L 3G8 Canada','NB Mackenzie St FS w 28 Ave',49.2474293,-123.1701056
'845 Burrard St Vancouver BC V6Z 1X9 Canada','Sutton Place Hotel Vancouver',49.2830854,-123.1240629
'1128 W Hastings St Vancouver BC V6E 4R5 Canada','Vancouver Marriott Pinnacle Downtown Hotel',49.28791,-123.120858
'350 W Georgia St Vancouver BC V6B 6B1 Canada','Vancouver Public Library Central Library',49.279794,-123.11567
'999 Canada Pl Vancouver BC V6C 3T4 Canada','Port of Vancouver',49.2879266,-123.1126899
'999 Canada Pl Vancouver BC V6C 3T4 Canada','Canada Place',49.2888248,-123.1111209
'1130 W Pender St #325 Vancouver BC V6E 4A4 Canada','Downtown Vancouver Business Improvement Association (DVBIA)',49.2874881,-123.1215988
'777 Pacific Blvd Vancouver BC V6B 4Y8 Canada','BC Place',49.27675,-123.111999
'4515 Dunbar St Vancouver BC V6S 2G7 Canada','Vancouver Public Library Dunbar Branch',49.245988,-123.185535
'3420 Dunbar St Vancouver BC V6S 2C2 Canada','Jethro's Fine Grub',49.2562876,-123.1849422
'4100 Salish Dr Vancouver BC V6N 3M2 Canada','Shalimar Place',49.2321975,-123.1977965
'1689 Johnston St #106 Vancouver BC V6H 3R9 Canada','Gourmet Wok',49.2728307,-123.1352506
'1669 Johnston St Vancouver BC V6H 3R9 Canada','Granville Island Public Market',49.2723568,-123.1350655
'1698 W 3rd Ave Vancouver BC V6J 1K3 Canada','Public Storage',49.2686239,-123.143045
'1540 Old Bridge St Vancouver BC V6H 3S6 Canada','Cats Socialhouse',49.2697096,-123.135447
'1455 W 10th Ave Vancouver BC V6H 4C5 Canada','Vancouver Public Library Firehall Branch',49.2627567,-123.1374964
'1333 W Broadway #190 Vancouver BC V6H 4C1 Canada','Boston Pizza',49.263788,-123.134711
'1424 W Broadway Vancouver BC V6H 1H4 Canada','JOEY Broadway',49.2633884,-123.1371886
'2211 Granville St Vancouver BC V6H 3G1 Canada','Paul's Omelettery',49.2659752,-123.1386833
'2310 Ash St Vancouver BC V5Z 3C2 Canada','Caffè Cittadella',49.2647521,-123.117253
'2549 Cambie St Vancouver BC V5Z 3V6 Canada','La Taqueria Pinche Taco Shop',49.2628591,-123.1151736
'816 W 6th Ave Vancouver BC V5Z 6N4 Canada','Yanaki Sushi',49.265733,-123.122379
'895 W Broadway Vancouver BC V5Z 1J9 Canada','Pekoe Tea Lounge',49.2635739,-123.1240243
'693 W Broadway Vancouver BC V5Z 1G6 Canada','Steamrollers',49.2634971,-123.1195716
'2975 Granville St Vancouver BC V6H 3J6 Canada','Caffe Barney',49.2592031,-123.1389216
'736 W Broadway Vancouver BC V5Z 1G8 Canada','Dukes On Broadway Café',49.263078,-123.121005
'1640 W Broadway Vancouver BC V6J 1X6 Canada','QQ Sushi Vancouver',49.2634926,-123.1419998
'777 Pacific Blvd Vancouver BC V6B 4Y8 Canada','BC Place',49.27675,-123.111999
'555 W 12th Ave Vancouver BC V5Z 3X7 Canada','Soup Zone',49.2607157,-123.1163712
'2210 Cornwall Ave Vancouver BC V6K 1B5 Canada','LOCAL Public Eatery',49.2723546,-123.1551694
'1102 W Broadway Vancouver BC V6H 1G5 Canada','Shizenya Restaurant on Broadway',49.2633065,-123.1291967
'1661 Napier St Vancouver BC V5L 4X4 Canada','Vancouver Public Library Britannia Branch',49.2749984,-123.070625
'111 Commercial Dr Vancouver BC V5L 3V4 Canada','Public Storage',49.283627,-123.0705853
'1661 Napier St Vancouver BC V5L 4X4 Canada','Britannia Community Services Centre',49.2750517,-123.070414
'2674 E Hastings St Vancouver BC V5K 1Z6 Canada','Vancouver Public Library Hastings Branch',49.280891,-123.050135
'#3-2445 E. Hastings St. Vancouver BC V5K 1Y8 Canada','SHIRLEY MARIE MANFRON',49.2813038,-123.0556318
'3201 New Brighton Rd Vancouver BC V5K 5J7 Canada','New Brighton Pool',49.2897459,-123.0367728
'1890 Skeena St Vancouver BC V5M 4L3 Canada','Akali Singh Sikh Society',49.2674924,-123.0277937
'1428 Cedar Cottage Mews Vancouver BC V5N 5Z1 Canada','Vancouver Public Library Kensington Branch',49.249144,-123.075504
'5606 Victoria Dr Vancouver BC V5P 3W4 Canada','Ewen Glory',49.2337815,-123.0653056
'1687 E 12th Ave Vancouver BC V5N 2A3 Canada','Portia Tam',49.2596974,-123.0702585
'5851 West Blvd Vancouver BC V6M 3W9 Canada','Kerrisdale Community Centre',49.2331436,-123.1567269
'2112 W 42nd Ave Vancouver BC V6M Canada','Vancouver Public Library Kerrisdale Branch',49.233302,-123.156142
'777 Pacific Blvd Vancouver BC V6B 4Y8 Canada','BC Place',49.27675,-123.111999
'2490 W 37th Ave Vancouver BC V6M 1P5 Canada','St. Mary's Anglican Church Kerrisdale',49.2381838,-123.1622297
'5670 East Blvd Vancouver BC V6M 3Y2 Canada','Kerrisdale Play Palace',49.2352823,-123.1539879
'3289 Main St Vancouver BC V5T 3G7 Canada','The General Public Sushi Lodge',49.2558665,-123.1016656
'Vancouver Convention Centre West Building 1055 Canada Pl #36 Vancouver BC V6C 0C3 Canada','Mahony & Sons',49.289347,-123.114327
'7188 Macdonald St 7188 Macdonald St Vancouver BC V6N 1G2 Canada','McCleery Golf Course',49.2210511,-123.1678817
'7110 Kerr St Vancouver BC V5S 4W2 Canada','Vancouver Public Library Champlain Heights Branch',49.219045,-123.03945
'6260 Killarney St Vancouver BC V5S 2X7 Canada','Killarney Pool',49.2268638,-123.0436788
'8500 Kinross St Vancouver BC V5S 4V9 Canada','Public Storage',49.2063709,-123.0363512
'2985 Kingsway Vancouver BC V5R 5J4 Canada','Vancouver Public Library Collingwood Branch',49.236202,-123.042684
'3289 Main St Vancouver BC V5T 3G7 Canada','The General Public Sushi Lodge',49.2558665,-123.1016656
'1499 Arbutus St Vancouver BC V6J 5N2 Canada','Kitsilano Beach Park',49.2739771,-123.1545805
'2210 Cornwall Ave Vancouver BC V6K 1B5 Canada','LOCAL Public Eatery',49.2723546,-123.1551694
'2425 MacDonald Street Vancouver BC V6K 3Y9 Canada','Vancouver Public Library Kitsilano Branch',49.264714,-123.168781
'1698 W 3rd Ave Vancouver BC V6J 1K3 Canada','Public Storage',49.2686239,-123.143045
'1000 Chestnut St Vancouver BC V6J 3J9 Canada','Vanier Park',49.2767298,-123.143649
'1944 W 4th Ave Vancouver BC V6J 1M7 Canada','Fable Kitchen',49.2679601,-123.1490086
'2741 W 4th Ave Vancouver BC V6K 1P9 Canada','The Oakwood Canadian Bistro',49.268567,-123.167117
'1873 W 4th Ave Vancouver BC V6J 1M4 Canada','Romer's Burger Bar',49.2681782,-123.1472765
'2095 W 4th Ave Vancouver BC V6J 1M7 Canada','Sophie's Cosmic Cafe',49.2682942,-123.1525693
'2296 W 4th Ave Vancouver BC V6K 1N8 Canada','Browns Socialhouse Kitsilano',49.2680922,-123.1573576
'1941 W Broadway Vancouver BC V6J 1Z3 Canada','Manchester Public Eatery',49.2639271,-123.1492202
'2001 MacDonald Street Vancouver BC V6K 3Y2 Canada','Darby's Public House',49.2682509,-123.1685055
'2010 W 4th Ave Vancouver BC V6J 1M7 Canada','The Bimini Public House',49.2678627,-123.1508704
'3347 W 4th Ave Vancouver BC V6R 1N6 Canada','Hitoe Sushi',49.268748,-123.178831
'2005 W 4th Ave Vancouver BC V6J 1N3 Canada','Public Myth Kitsilano',49.2682351,-123.1506777
'3431 W Broadway Vancouver BC V6R 2B4 Canada','The Eatery',49.2644072,-123.1807611
'2017 W 4th Ave Vancouver BC V6J 1M7 Canada','Cafe Gypsy Rose',49.268245,-123.1508989
'1631 Yew St Vancouver BC V6K 3E6 Canada','Cafe Zen On Yew',49.2711552,-123.1551523
'2305 Cornwall Ave Vancouver BC V6K 1B6 Canada','Kitsilano Pool',49.2735906,-123.1581813
'1876 W 1st Ave Vancouver BC V6J 1G5 Canada','Rocky Mountain Flatbread Co.',49.2705575,-123.1474627
'8386 Granville St Vancouver BC V6P 4Z7 Canada','Vancouver Public Library Marpole Branch',49.210312,-123.140199
'7964 Granville St Vancouver BC V6P 4Z2 Canada','Mirchi Restaurant Ltd',49.213558,-123.140141
'8877 Selkirk Street Vancouver BC V6P 4J6 Canada','Marpole Oakridge Family Place',49.2047085,-123.133757
'350 W Georgia St Vancouver BC V6B 6B1 Canada','Vancouver Public Library Central Library',49.279794,-123.11567
'8616 Granville St Vancouver BC V6P 6T2 Canada','Donair Spot',49.2082537,-123.1401241
'8273 Granville Street Vancouver BC V6P 4Z6 Canada','Sushi Wow',49.2116601,-123.1407641
'1 Kingsway Vancouver BC V5T 3H7 Canada','Vancouver Public Library Mount Pleasant Branch',49.26431,-123.10041
'3289 Main St Vancouver BC V5T 3G7 Canada','The General Public Sushi Lodge',49.2558665,-123.1016656
'67 W 2nd Ave Vancouver BC V5Y 1B3 Canada','Park & Associates | Notaries Public',49.269416,-123.105789
'439 W Broadway #201 Vancouver BC V5Y 1R4 Canada','Carolyn Grace Sussey Notary Public',49.2633967,-123.1138715
'3068 Main St Vancouver BC V5T 3G5 Canada','Zipang Provisions',49.257877,-123.100881
'146 E 3rd Ave Vancouver BC V5T 1C8 Canada','Nuba Café in Mount Pleasant',49.2680082,-123.1017099
'2390 Brunswick St Vancouver BC V5T 3L8 Canada','Guelph Park',49.2640965,-123.0964514
'2120 Cambie St Vancouver BC V5Z 4N6 Canada','Vancouver Police Department',49.2665433,-123.1143119
'151 W 7th Ave (side alley entrance) Vancouver BC V5Y 1L8 Canada','Guardian Storage',49.2649214,-123.1081405
'777 Pacific Blvd Vancouver BC V6B 4Y8 Canada','BC Place',49.27675,-123.111999
'1818 Quebec St Vancouver BC V5T 4S6 Canada','Maple Leaf Self Storage',49.2688941,-123.1020956
'3904 51st Avenue West Vancouver BC V6N 3W1 Canada','Musqueam Golf & Learning Academy',49.2250191,-123.1922142
'4000 Musqueam Ave Vancouver BC V6N 4C6 Canada','Musqueam Cultural Pavilion',49.2234694,-123.1995785
'Dunbar-Southlands Vancouver BC V6N 2B8 Canada','Musqueam Park',49.2296316,-123.1921129
'1450 SW Marine Dr Vancouver BC V6P 5Z9 Canada','Musqueam Indian Band',49.2042456,-123.1395323
'4010 Si Lu Dr Vancouver BC V6N 4K7 Canada','Musqueam Elders Ctr',49.2270722,-123.192006
'191-650 W 41st Ave Vancouver BC V5Z 2M9 Canada','Vancouver Public Library Oakridge Branch',49.231085,-123.118651
'5655 Cambie St Vancouver BC V5Z 3A4 Canada','Timothy Ko Notary Public',49.233983,-123.1165763
'8386 Granville St Vancouver BC V6P 4Z7 Canada','Vancouver Public Library Marpole Branch',49.210312,-123.140199
'3289 Main St Vancouver BC V5T 3G7 Canada','The General Public Sushi Lodge',49.2558665,-123.1016656
'777 Pacific Blvd Vancouver BC V6B 4Y8 Canada','BC Place',49.27675,-123.111999
'2650 Rupert St Vancouver BC V5M 4X2 Canada','Public Storage',49.2613277,-123.0330097
'2985 Kingsway Vancouver BC V5R 5J4 Canada','Vancouver Public Library Collingwood Branch',49.236202,-123.042684
'2969 E 22nd Ave Vancouver BC V5M 2Y3 Canada','Vancouver Public Library Renfrew Branch',49.250967,-123.042282
'5082 Joyce St Vancouver BC V5R 4G6 Canada','Mr. Pan Pizza',49.2385206,-123.0311532
'807-3489 Ascot Pl Vancouver BC V5R 6B6 Canada','Vancouver Airport Transportation',49.2394952,-123.0320084
'3289 Main St Vancouver BC V5T 3G7 Canada','The General Public Sushi Lodge',49.2558665,-123.1016656
'4575 Clancy Loranger Way Vancouver BC V5Y 2M4 Canada','Vancouver Public Library Terry Salman Branch',49.244104,-123.107783
'4501 Clancy Loranger Way Vancouver BC V5Y 2M4 Canada','Hillcrest Park',49.244852,-123.1086971
'3475 Main St Vancouver BC V5T 3E5 Canada','Slickity Jim's Chat 'n' Chew',49.2539856,-123.1010499
'4600 Cambie St Vancouver BC V5Y 2M9 Canada','Queen Elizabeth Park',49.241443,-123.1134795
'Cambie St Vancouver BC V5Y 2M4 Canada','Seasons in the Park',49.2419848,-123.1118624
'4342 Main St Vancouver BC V5V 3P9 Canada','Ogenki Sushi',49.2462607,-123.1009543
'5251 Oak St Vancouver BC V6M 4H1 Canada','Shaughnessy Restaurant',49.2386995,-123.1296129
'5655 Cambie St Vancouver BC V5Z 3A4 Canada','Timothy Ko Notary Public',49.233983,-123.1165763
'3357 Cambie St Vancouver BC V5Z 2W6 Canada','Flying Wedge Pizza Co',49.2555016,-123.1154328
'700 W 16th Ave Vancouver BC V5Z 1S7 Canada','Jeremy Bohbot Barrister and Solicitor Notary Public',49.2569139,-123.1202059
'Vancouver BC V5Z 2C4 Canada','King Edward Station',49.2492562,-123.1158517
'Vancouver BC V6G 1Z4 Canada','Stanley Park',49.3017049,-123.1417003
'401 Main St Vancouver BC V6A 2T7 Canada','Vancouver Public Library Carnegie Reading Room',49.281152,-123.100055
'799 Keefer St Vancouver BC V6A 3H8 Canada','Wilder Snail Neighborhood Grocery & Coffee Inc.',49.279341,-123.087392
'1661 Napier St Vancouver BC V5L 4X4 Canada','Vancouver Public Library Britannia Branch',49.2749984,-123.070625
'1 Kingsway Vancouver BC V5T 3H7 Canada','Vancouver Public Library Mount Pleasant Branch',49.26431,-123.10041
'777 Pacific Blvd Vancouver BC V6B 4Y8 Canada','BC Place',49.27675,-123.111999
'350 W Georgia St Vancouver BC V6B 6B1 Canada','Vancouver Public Library Central Library',49.279794,-123.11567
'Vancouver Convention Centre West Building 1055 Canada Pl #36 Vancouver BC V6C 0C3 Canada','Mahony & Sons',49.289347,-123.114327
'592 E Pender St Vancouver BC V6A 1V5 Canada','Vancouver Public Library',49.2801707,-123.0918458
'6810 Main St Vancouver BC V5X 0A1 Canada','Sunset Community Centre',49.2228633,-123.1011745
'1204 Beach Ave Vancouver BC V6E 1V3 Canada','Sunset Beach Park',49.279948,-123.1386941
'2z7 6076 Fraser St Vancouver BC V5W 2Z8 Canada','Vancouver Public Library South Hill Branch',49.229508,-123.090415
'390 E 51st Ave Vancouver BC V5X 1C5 Canada','Sunset Arena',49.223077,-123.0981588
'1111 Burnaby St Vancouver BC V6E 1P4 Canada','Sunset Inn & Suites',49.2800828,-123.1324667
'M Vancouver BC V6C 3C1 Canada','English Bay Beach',49.2863114,-123.1434865
'1950 Argyle Dr Vancouver BC V5P 2A8 Canada','Vancouver Public Library Fraserview Branch',49.219657,-123.06682
'6929 Victoria Dr Vancouver BC V5P 3Y7 Canada','Katei Sushi',49.221117,-123.0660183
'1300 1500 West Georgia Street Vancouver BC V6G 2Z6 Canada','Best Place Immigration Inc.',49.290424,-123.130647
'1610 Robson St Vancouver BC V6G 1C7 Canada','Hida Takayama Ramen',49.2894239,-123.1328933
'1020 Denman St Vancouver BC V6G 2M0 Canada','Canada Post',49.2890501,-123.1387567
'1030 Denman St #125A Vancouver BC V6G 2M6 Canada','Denman Place Mall',49.2887289,-123.1382003
'870 Denman St Vancouver BC V6G 2L8 Canada','Vancouver Public Library Joe Fortes Branch',49.290543,-123.136493
'1103 Denman St Vancouver BC V6G 2N1 Canada','Acacia Fillo Bar',49.2883029,-123.1404921
'871 Denman St Vancouver BC V6G 2L9 Canada','Kingyo',49.290612,-123.1371415
'948 Denman St Vancouver BC V6G 2M1 Canada','Joe's Grill',49.289889,-123.1376668
'1780 Davie St Vancouver BC V6G 1W2 Canada','The Three Brits Public House',49.2871042,-123.1418124
'1300 Robson St Vancouver BC V6E 1C5 Canada','Forage',49.2870629,-123.129233
'836 Denman St Vancouver BC V6G 2L8 Canada','Sushi Holic',49.2909988,-123.1360408
'1161 Davie St Vancouver BC V6E 1N2 Canada','Pho Central Vietnamese Restaurant',49.2814652,-123.1326788
'1335 Robson St Vancouver BC V6E 1C6 Canada','Miko Sushi',49.2875451,-123.1289934
'1215 Davie St Vancouver BC V6E 1N1 Canada','La Belle Patate Vancouver',49.282005,-123.133504
'1262 Davie St Vancouver BC V6E 1N3 Canada','Score on Davie',49.282288,-123.13468
'845 Burrard St Vancouver BC V6Z 2K7 Canada','Boulevard Kitchen & Oyster Bar',49.2829531,-123.1237106
'1032 Robson St Vancouver BC V6E 1A7 Canada','Cafe Crepe',49.2836699,-123.1236402
'Vancouver BC Canada','Aquatic Centre Ferry Dock',49.2765758,-123.1367102
'1906 Haro St Vancouver BC V6G 1H7 Canada','Adesso Bistro',49.2916979,-123.1385593
'1118 Denman St Vancouver BC V6G 1T2 Canada','España Restaurant',49.2880336,-123.1403612
'4480 W 10th Ave Vancouver BC V6R 2H9 Canada','Vancouver Public Library West Point Grey Branch',49.263644,-123.208581
'3763 W 10th Ave Vancouver BC V6R 2G7 Canada','Rajio Japanese Public House',49.2636308,-123.1871257
'4125 W 8th Ave Vancouver BC V6R 4P9 Canada','West Point Grey Academy',49.2665672,-123.2003121
'4422 West 10th Avenue Vancouver BC V6R 2H9 Canada','Takumi Japanese Restaurant',49.2635514,-123.2068526
'4512 W 10th Ave Vancouver BC V6R 2J1 Canada','Sun Sushi',49.2636905,-123.209714
'West Point Grey Vancouver BC Canada','Jericho Beach',49.2722613,-123.1928754
'3772 W 10th Ave Vancouver BC V6R 2G4 Canada','Sushi Gallery',49.2633943,-123.187243
'2515 Alma St Vancouver BC Canada','Deprez and Associates Notaries Public',49.2641104,-123.186084
'4409 W 10th Ave Vancouver BC V6R 2H8 Canada','Ginger & Chili Restaurant',49.2639466,-123.2063859
'2250 Eddington Dr Vancouver BC V6L 2E7 Canada','Prince of Wales Secondary School',49.245551,-123.158605
'3400 Balaclava St Vancouver BC V6L 2S6 Canada','Carnarvon Community Elementary School',49.2563265,-123.1738451
'4170 Trafalgar St Vancouver BC Canada','Trafalgar Elementary',49.2496749,-123.1644691
'4255 Arbutus St Vancouver BC V6J 4R1 Canada','Arbutus Music Academy Co-Op',49.2487757,-123.1550158
'2663 W King Edward Ave Vancouver BC V6L 1T5 Canada','Creative Kids Montessori & Fine Arts Academy Childcare',49.2484133,-123.1643014
'3860 Trafalgar St Vancouver BC V6L 2M4 Canada','Montessori Evergreen Preschool & Kindergarten',49.252205,-123.1650867
'2265 41 AVE W Vancouver BC Canada','Spanish Teaching Services',49.234743,-123.1589961
'2181 W 38th Ave Vancouver BC V6M 1R8 Canada','Marcela Zapata Private & Group Spanish Courses Vancouver & Kerrisdale',49.2374723,-123.1583727
'2356 W 41st Ave Vancouver BC V6M 2A4 Canada','Sager education',49.234668,-123.1607461
'2250 34 AVE W Vancouver BC Canada','Tandem Music Group Corp',49.243169,-123.156893
'4275 Valley Dr Vancouver BC V6L 2K8 Canada','Grage',49.249171,-123.159017
'2215 W 10th Ave Vancouver BC V6K 2J1 Canada','St. John's School',49.2631041,-123.1557677
'5350 East Blvd Vancouver BC V6M 3V2 Canada','Point Grey Secondary',49.2374967,-123.1531266
'3200 41st Avenue West Vancouver BC V6N 3E1 Canada','Crofton House School',49.2344415,-123.1769116
'2706 Trafalgar St Vancouver BC V6K 2J6 Canada','Kitsilano Secondary School',49.262206,-123.164308
'2154 W 7th Ave Vancouver BC V6K 0E3 Canada','St. Augustine's Elementary School',49.2653373,-123.1531383
'2075 W 37th Ave Vancouver BC V6M 1N7 Canada','Vancouver Mandarin School',49.2383439,-123.1546257
'2195 W 45th Ave Vancouver BC V6M 2J2 Canada','Bumblebee Pre-School Society',49.23108,-123.1589084
'2040 W 10th Ave Vancouver BC V6J 2B3 Canada','Madrona School Society',49.2626499,-123.1518702
'4175 W 29th Ave Vancouver BC V6S 1V1 Canada','St. George's Senior School',49.2475246,-123.1991544
'101 Powell St Vancouver BC V6A 1G2 Canada','Downtown East Education Centre',49.283502,-123.1018332
'800 Robson St Vancouver BC V6Z 3B7 Canada','UBC Sauder School of Business Executive Education',49.2828518,-123.1206884
'500 Granville St Vancouver BC V6C 1W6 Canada','Segal Graduate School of Business',49.2843249,-123.1148882
'626 W Pender St #100 Vancouver BC V6B 1V9 Canada','University Canada West',49.2841694,-123.1145844
'188 Nelson St Vancouver BC V6B 6J8 Canada','CSLI - Canadian As A Second Language Institute Inc',49.275832,-123.118035
'473 W Hastings St Vancouver BC V6B 1L4 Canada','Arbutus College Of Communication Arts Business & Technology Inc',49.28408,-123.1114245
'198 W Hastings St Vancouver BC V6B 1H2 Canada','Vancouver Film School',49.2821089,-123.1094589
'570 Dunsmuir St #200 Vancouver BC V6B 1Y1 Canada','EC Vancouver',49.2827371,-123.1155911
'889 W Pender St #200 Vancouver BC V6C 3B2 Canada','Tamwood International College',49.2860224,-123.1164418
'789 W Pender St #200 Vancouver BC V6C 1H2 Canada','King George International Business College',49.285265,-123.1152387
'981 Nelson St Vancouver BC V6Z 3B6 Canada','Pattison High School',49.28081,-123.124916
'322 Water St Vancouver BC V6B 1B6 Canada','OHC Vancouver',49.284325,-123.1094075
'88 W Pender St #2001 Vancouver BC V6B 6N8 Canada','International House Vancouver - Modern Languages',49.2803559,-123.1060265
'411 W Hastings St Vancouver BC V6B 1L4 Canada','VGC International College',49.2837749,-123.1110618
'888 Cambie St Vancouver BC V6B 2P6 Canada','Global Village English Centres - GV Vancouver',49.2773701,-123.1159821
'2053 Main Mall Vancouver BC V6T 1Z2 Canada','UBC Sauder School of Business',49.2648239,-123.2537939
'150 Drake St Vancouver BC V6Z 2X1 Canada','Elsie Roy Elementary School',49.2721265,-123.1226205
'929 Granville St Vancouver BC V6Z 1L3 Canada','EF International Language Center - English courses in Vancouver',49.279923,-123.122395
'460 Robson St Vancouver BC V6B 2B5 Canada','Blanche Macdonald Center - Robson Campus',49.2794841,-123.1174572
'250 W Pender St Vancouver BC V6B 1S9 Canada','Vancouver Community College - City Centre Campus',49.2807827,-123.1114191
'3745 28 Ave W Vancouver BC V6S 1S6 Canada','Immaculate Conception School',49.2473082,-123.1875885
'4175 W 29th Ave Vancouver BC V6S 1V1 Canada','St. George's Senior School',49.2475246,-123.1991544
'5351 Camosun St Vancouver BC V6N 2C4 Canada','Southlands Elementary School',49.2381428,-123.1976526
'4102 16 AVE W Vancouver BC V6R 3E3 Canada','Queen Elizabeth Elementary School',49.2574113,-123.1975168
'5555 Carnarvon St. Carnarvon St Vancouver BC V6N 1J2 Canada','Kerrisdale Elementary School',49.2361195,-123.1734852
'3455 W King Edward Ave Vancouver BC V6S 1M4 Canada','Lord Kitchener Elementary School',49.250412,-123.1814299
'4747 Dunbar St Vancouver BC V6S 2H2 Canada','Dunbar Memorial Pre-School',49.2442194,-123.1852662
'3851 W 29th Ave Vancouver BC V6S 1T6 Canada','St. George's Junior School Campus',49.2471611,-123.1895569
'4275 Crown St Vancouver BC V6S 2K3 Canada','Queen Elizabeth Annex',49.2489806,-123.1951091
'5600 Balaclava St Vancouver BC V6N 1L1 Canada','Little People Preschool',49.235646,-123.1764512
'3525 W 24th Ave Vancouver BC V6S 1L5 Canada','Monkey See Monkey Do Montessori Ltd.',49.2513249,-123.1827003
'3548 W 41st Ave Vancouver BC V6N 3E6 Canada','EBS Educational Book Supply',49.2346181,-123.1832855
'4895 MacKenzie St Vancouver BC V6L 2R7 Canada','Little House Tutoring and Learning Centre',49.2424796,-123.1704202
'5520 Dunbar St Vancouver BC V6N 1W6 Canada','Elite Montessori Academy',49.2362998,-123.1850461
'3737 W 27th Ave Vancouver BC V6S 1R2 Canada','Tom Thumb Parent Involvement Preschool',49.2483741,-123.1872887
'3525 W 24th Ave Vancouver BC V6S 1L5 Canada','Vancouver Child Study Centre',49.251322,-123.1826751
'4000 W 41st Ave Vancouver BC V6N 3G2 Canada','Sprouts Academy',49.2345532,-123.194312
'4000 West 41st Avenue Vancouver BC V6N 3G2 Canada','Marineview Preschool',49.234677,-123.194172
'4336 Dunbar St Vancouver BC Canada','Eaton Coull Learning Group LTD',49.2475209,-123.1850829
'2991 W 41st Ave Vancouver BC V6N Canada','Sager Education Inc',49.2349837,-123.1727386
'1099 Sitka Square Vancouver BC V6H 3P8 Canada','Family Montessori School',49.2665318,-123.1293741
'1526 Duranleau St Vancouver BC V6H 3Y2 Canada','Vancouver Animation School',49.2713905,-123.136538
'2215 W 10th Ave Vancouver BC V6K 2J1 Canada','St. John's School',49.2631041,-123.1557677
'395 W Broadway Vancouver BC V5Y 1A7 Canada','St. John's International',49.264225,-123.125783
'1936 W 10th Ave Vancouver BC V6J 2B2 Canada','Lord Tennyson Elementary School',49.2623451,-123.1493672
'2850 Quebec St Vancouver BC V5T 3A9 Canada','St. Patrick's Elementary School (Vancouver)',49.2596825,-123.1027773
'395 W Broadway Vancouver BC V5Y 1A7 Canada','St. John's International School..employement',49.2633734,-123.1125501
'2154 W 7th Ave Vancouver BC V6K 0E3 Canada','St. Augustine's Elementary School',49.2653373,-123.1531383
'Johnston St Vancouver BC V6H 3R9 Canada','Vancouver Art Therapy Institute',49.2710527,-123.1338566
'604 W Broadway #300 Vancouver BC V5Z 1G1 Canada','The Institute Of Holistic Nutrition',49.263133,-123.117964
'1166 W 14th Ave Vancouver BC V6H 1P6 Canada','L'Ecole Bilingue',49.2583794,-123.1307437
'1551 Cypress St Vancouver BC V6J 3L3 Canada','Henry Hudson Elementary School',49.2722012,-123.148348
'150 Drake St Vancouver BC V6Z 2X1 Canada','Elsie Roy Elementary School',49.2721265,-123.1226205
'981 Nelson St Vancouver BC V6Z 3B6 Canada','Pattison High School',49.28081,-123.124916
'1549 Clark Dr Vancouver BC V5L 3L4 Canada','School Board Vancouver',49.2715106,-123.0772932
'2245 W Broadway #100 Vancouver BC V6K 2E4 Canada','Canadian School of Natural Nutrition - Vancouver Branch',49.2641154,-123.1564439
'1580 W Broadway Vancouver BC V6J 5K8 Canada','Vancouver School Board',49.2634816,-123.1404397
'788 Beatty St Vancouver BC V6B 2M1 Canada','The Westside School',49.2777413,-123.1135735
'4175 W 29th Ave Vancouver BC V6S 1V1 Canada','St. George's Senior School',49.2475246,-123.1991544
'5905 Wales St Vancouver BC V5R 3N5 Canada','School Board Vancouver',49.2304062,-123.0524863
